Calculated pChEMBL,SMILES,old/new
4.89,Cl.N=C(NCCCNCCCCCCCNCCCNC(=N)NC(=N)NCCC(c1ccccc1)c1ccccc1)NC(=N)NCCC(c1ccccc1)c1ccccc1,old
4.81,CC(C)C[C@H](NC(=O)[C@H](CCC(N)=O)NC(=O)[C@H](CCCCN)NC(=O)[C@H](CCCNC(=N)N)NC(=O)[C@@H]1CCCN1C(=O)[C@H](C)NC(=O)[C@H](CCCCN)NC(=O)CNC(=O)CNC(=O)[C@@H](NC(=O)[C@H](CO)NC(=O)[C@H](CCCCN)NC(=O)[C@H](CCCNC(=N)N)NC(=O)[C@H](C)NC(=O)[C@@H](NC(=O)[C@H](CCC(N)=O)NC(=O)[C@H](CCCCN1CC1)NC(=O)[C@@H](NC(=O)[C@H](CCCNC(=N)N)NC(=O)[C@H](C)N)[C@@H](C)O)[C@@H](C)O)[C@@H](C)O)C(=O)N[C@@H](C)C(=O)O,old
4.98,C#CCNCCCC[C@H](NC(=O)[C@@H](NC(=O)[C@H](CCCNC(=N)N)NC(=O)[C@H](C)N)[C@@H](C)O)C(=O)N[C@@H](CCC(N)=O)C(=O)N[C@H](C(=O)N[C@@H](C)C(=O)N[C@@H](CCCNC(=N)N)C(=O)N[C@@H](CCCCN)C(=O)N[C@@H](CO)C(=O)N[C@H](C(=O)NCC(=O)NCC(=O)N[C@@H](CCCCN)C(=O)N[C@@H](C)C(=O)N1CCC[C@H]1C(=O)N[C@@H](CCCNC(=N)N)C(=O)N[C@@H](CCCCN)C(=O)N[C@@H](CCC(N)=O)C(=O)N[C@@H](CC(C)C)C(=O)N[C@@H](C)C(=O)O)[C@@H](C)O)[C@@H](C)O,old
4.86,NNCCc1ccccc1,old
4.56,N[C@@H]1C[C@H]1c1ccccc1,old
6.05,Cc1cc(NN)n2nc(SCc3ccccc3)nc2n1,old
6.3,CCNCCCCNCCCCNCCCCNCCCCNC/C=C\CNCCCCNCCCCNCCCCNCCCCNCC,old
6.3,C/N=C(\NC)NCCCNCCCNCCCN/C(=N/C)NC,old
5.64,N[C@@H]1C[C@H]1c1ccc(OCC[C@H](NC(=O)c2ccccc2)C(=O)NCc2ccccc2)cc1,old
6.61,COc1cc2nc(NCCCN(C)C)nc(NC3CCN(Cc4ccccc4)CC3)c2cc1OC,old
4.6,Cl.N[C@@H]1C[C@H]1c1ccccc1,old
5.02,COc1cc(/C=C/C(=O)CC(=O)/C=C/c2ccc(O)c(OC)c2)ccc1O,old
4.59,CCCn1c(SCc2ccc(Cl)cc2)nc2c1c(=O)[nH]c(=O)n2C,old
3.36,CC(=O)c1csc(Nc2ccccc2Cl)n1,old
4.4,COc1cc(NS(=O)(=O)c2ccccc2)ccc1-n1nc(C)cc1C,old
5.05,COc1c(O)cc(O)c2c(=O)cc(-c3ccccc3)oc12,old
4.99,Oc1ccc(/C=C/c2cc(O)cc(O)c2)cc1,old
4.38,COc1ccc([C@@H]2C[C@H]2N)cc1.Cl,old
4.1,Cl.N[C@@H]1C[C@H]1c1ccc(F)cc1,old
5.43,Cl.N[C@@H]1C[C@H]1c1ccc(Br)cc1,old
5.05,Cl.N[C@@H]1C[C@H]1c1cccc(Br)c1,old
4.93,Cl.N[C@@H]1C[C@H]1c1ccccc1Br,old
5.1,NC1CC1c1cccc2ccccc12,old
5.22,O=C(CNC1CC1c1ccccc1)NC1CC1,old
5.7,NC1CC1c1cccc(OCCC[C@H](NC(=O)c2ccccc2)C(=O)NCc2ccccc2)c1,old
5.98,NC1CC1c1cc(F)cc(F)c1OCc1ccccc1,old
5.79,NC1CC1c1ccc(NC(=O)OCc2ccccc2)cc1,old
5.17,Cl.N[C@@H]1C[C@H]1c1ccc(-c2ccccc2)cc1,old
5.5,NC1CC1c1cccc(OCC[C@H](NC(=O)c2ccccc2)C(=O)NCc2ccccc2)c1,old
5.98,NC1CC1c1ccc(NC(=O)c2ccccc2)cc1,old
5.85,NC1CC1c1ccc(NC(=O)C(Cc2ccccc2)NC(=O)OCc2ccccc2)cc1,old
5.05,NC1CC1c1c(F)c(F)c(F)c(F)c1F,old
5.05,NC1CC1c1cccc(F)c1OCc1ccccc1,old
5.05,CC(C)COc1ccc(Cl)cc1C1CC1N,old
5.82,CCc1cccc(COc2c(F)cc(F)cc2C2CC2N)c1,old
5.74,CC(C)C[C@H](NC(=O)[C@H](CCC(N)=O)NC(=O)[C@H](CCCCN)NC(=O)[C@H](CCCNC(=N)N)NC(=O)[C@@H]1CCCN1C(=O)[C@H](C)NC(=O)[C@H](CCCCN)NC(=O)CNC(=O)CNC(=O)[C@@H](NC(=O)[C@H](CO)NC(=O)[C@H](CCCCN)NC(=O)[C@H](CCCNC(=N)N)NC(=O)[C@H](C)NC(=O)[C@@H](NC(=O)[C@H](CCC(N)=O)NC(=O)[C@H](CCCCN)NC(=O)[C@@H](NC(=O)[C@H](CCCNC(=N)N)NC(=O)[C@H](C)N)[C@@H](C)O)[C@@H](C)O)[C@@H](C)O)C(=O)N[C@@H](C)C(=O)O,old
7.36,CSCC[C@H](NC(=O)[C@@H](NC(=O)[C@H](CCCNC(=N)N)NC(=O)[C@H](C)N)[C@@H](C)O)C(=O)N[C@@H](CCC(N)=O)C(=O)N[C@H](C(=O)N[C@@H](C)C(=O)N[C@@H](CCCNC(=N)N)C(=O)N[C@@H](CCCCN)C(=O)N[C@@H](CO)C(=O)N[C@H](C(=O)NCC(=O)NCC(=O)N[C@@H](CCCCN)C(=O)N[C@@H](C)C(=O)N1CCC[C@H]1C(=O)N[C@@H](CCCNC(=N)N)C(=O)N[C@@H](CCCCN)C(=O)N[C@@H](CCC(N)=O)C(=O)N[C@@H](CC(C)C)C(=O)N[C@@H](C)C(=O)O)[C@@H](C)O)[C@@H](C)O,old
5.55,C#CCN(C)CCCC[C@H](NC(=O)[C@@H](NC(=O)[C@H](CCCNC(=N)N)NC(=O)[C@H](C)N)[C@@H](C)O)C(=O)N[C@@H](CCC(N)=O)C(=O)N[C@H](C(=O)N[C@@H](C)C(=O)N[C@@H](CCCNC(=N)N)C(=O)N[C@@H](CCCCN)C(=O)N[C@@H](CO)C(=O)N[C@H](C(=O)NCC(=O)NCC(=O)N[C@@H](CCCCN)C(=O)N[C@@H](C)C(=O)N1CCC[C@H]1C(=O)N[C@@H](CCCNC(=N)N)C(=O)N[C@@H](CCCCN)C(=O)N[C@@H](CCC(N)=O)C(=O)N[C@@H](CC(C)C)C(=O)N[C@@H](C)C(=O)O)[C@@H](C)O)[C@@H](C)O,old
5.56,CC(C)C[C@H](NC(=O)[C@H](CCC(N)=O)NC(=O)[C@H](CCCCN)NC(=O)[C@H](CCCNC(=N)N)NC(=O)[C@@H]1CCCN1C(=O)[C@H](C)NC(=O)[C@H](CCCCN)NC(=O)CNC(=O)CNC(=O)[C@@H](NC(=O)[C@H](CO)NC(=O)[C@H](CCCCN)NC(=O)[C@H](CCCNC(=N)N)NC(=O)[C@H](C)NC(=O)[C@@H](NC(=O)[C@H](CCC(N)=O)NC(=O)[C@H](CCCCNC1CC1)NC(=O)[C@@H](NC(=O)[C@H](CCCNC(=N)N)NC(=O)[C@H](C)N)[C@@H](C)O)[C@@H](C)O)[C@@H](C)O)C(=O)N[C@@H](C)C(=O)O,old
6.05,CC(C)C[C@H](NC(=O)[C@H](CCC(N)=O)NC(=O)[C@H](CCCCN)NC(=O)[C@H](CCCNC(=N)N)NC(=O)[C@@H]1CCCN1C(=O)[C@H](C)NC(=O)[C@H](CCCCN)NC(=O)CNC(=O)CNC(=O)[C@@H](NC(=O)[C@H](CO)NC(=O)[C@H](CCCCN)NC(=O)[C@H](CCCNC(=N)N)NC(=O)[C@H](C)NC(=O)[C@@H](NC(=O)[C@H](CCC(N)=O)NC(=O)[C@H](CCCCNC/C=C\Cl)NC(=O)[C@@H](NC(=O)[C@H](CCCNC(=N)N)NC(=O)[C@H](C)N)[C@@H](C)O)[C@@H](C)O)[C@@H](C)O)C(=O)N[C@@H](C)C(=O)O,old
6.15,CC(C)C[C@H](NC(=O)[C@H](CCC(N)=O)NC(=O)[C@H](CCCCN)NC(=O)[C@H](CCCNC(=N)N)NC(=O)[C@@H]1CCCN1C(=O)[C@H](C)NC(=O)[C@H](CCCCN)NC(=O)CNC(=O)CNC(=O)[C@@H](NC(=O)[C@H](CO)NC(=O)[C@H](CCCCN)NC(=O)[C@H](CCCNC(=N)N)NC(=O)[C@H](C)NC(=O)[C@@H](NC(=O)[C@H](CCC(N)=O)NC(=O)[C@H](CCCCNC/C=C/Cl)NC(=O)[C@@H](NC(=O)[C@H](CCCNC(=N)N)NC(=O)[C@H](C)N)[C@@H](C)O)[C@@H](C)O)[C@@H](C)O)C(=O)N[C@@H](C)C(=O)O,old
5.83,CC(C)C[C@H](NC(=O)[C@H](CCC(N)=O)NC(=O)[C@H](CCCCN)NC(=O)[C@H](CCCNC(=N)N)NC(=O)[C@@H]1CCCN1C(=O)[C@H](C)NC(=O)[C@H](CCCCN)NC(=O)CNC(=O)CNC(=O)[C@@H](NC(=O)[C@H](CO)NC(=O)[C@H](CCCCN)NC(=O)[C@H](CCCNC(=N)N)NC(=O)[C@H](C)NC(=O)[C@@H](NC(=O)[C@H](CCC(N)=O)NC(=O)[C@H](CCCCNN)NC(=O)[C@@H](NC(=O)[C@H](CCCNC(=N)N)NC(=O)[C@H](C)N)[C@@H](C)O)[C@@H](C)O)[C@@H](C)O)C(=O)N[C@@H](C)C(=O)O,old
5.57,CC(C)C[C@H](NC(=O)[C@H](CCC(N)=O)NC(=O)[C@H](CCCCN)NC(=O)[C@H](CCCNC(=N)N)NC(=O)[C@@H]1CCCN1C(=O)[C@H](C)NC(=O)[C@H](CCCCN)NC(=O)CNC(=O)CNC(=O)[C@@H](NC(=O)[C@H](CO)NC(=O)[C@H](CCCCN)NC(=O)[C@H](CCCNC(=N)N)NC(=O)[C@H](C)NC(=O)[C@@H](NC(=O)[C@H](CCC(N)=O)NC(=O)[C@H](CC[C@H]1C[C@H]1N)NC(=O)[C@@H](NC(=O)[C@H](CCCNC(=N)N)NC(=O)[C@H](C)N)[C@@H](C)O)[C@@H](C)O)[C@@H](C)O)C(=O)N[C@@H](C)C(=O)O,old
5.21,CC(C)C[C@H](NC(=O)[C@H](CCC(N)=O)NC(=O)[C@H](CCCCN)NC(=O)[C@H](CCCNC(=N)N)NC(=O)[C@@H]1CCCN1C(=O)[C@H](C)NC(=O)[C@H](CCCCN)NC(=O)CNC(=O)CNC(=O)[C@@H](NC(=O)[C@H](CO)NC(=O)[C@H](CCCCN)NC(=O)[C@H](CCCNC(=N)N)NC(=O)[C@H](C)NC(=O)[C@@H](NC(=O)[C@H](CCC(N)=O)NC(=O)[C@H](CC[C@H]1C[C@@H]1N)NC(=O)[C@@H](NC(=O)[C@H](CCCNC(=N)N)NC(=O)[C@H](C)N)[C@@H](C)O)[C@@H](C)O)[C@@H](C)O)C(=O)N[C@@H](C)C(=O)O,old
4.62,CC(C)C[C@H](NC(=O)[C@H](CCC(N)=O)NC(=O)[C@H](CCCCN)NC(=O)[C@H](CCCNC(=N)N)NC(=O)[C@@H]1CCCN1C(=O)[C@H](C)NC(=O)[C@H](CCCCN)NC(=O)CNC(=O)CNC(=O)[C@@H](NC(=O)[C@H](CO)NC(=O)[C@H](CCCCN)NC(=O)[C@H](CCCNC(=N)N)NC(=O)[C@H](C)NC(=O)[C@@H](NC(=O)[C@H](CCC(N)=O)NC(=O)[C@H](CC[C@H]1C[C@@H]1N(C)C)NC(=O)[C@@H](NC(=O)[C@H](CCCNC(=N)N)NC(=O)[C@H](C)N)[C@@H](C)O)[C@@H](C)O)[C@@H](C)O)C(=O)N[C@@H](C)C(=O)O,old
5.76,N[C@H]1C[C@@H]1c1cccc(OCC[C@H](NC(=O)c2ccccc2)C(=O)NCc2ccccc2)c1,old
5.17,N[C@@H]1C[C@H]1c1cccc(OCC[C@H](NC(=O)c2ccccc2)C(=O)NCc2ccccc2)c1,old
8.3,CC(NC1CC1c1ccccc1)c1ccc2c(c1)OCCO2,old
8.05,CN1CCN(C(=O)CNC2CC2c2ccc(-c3cc(F)ccc3C(F)(F)F)cc2)CC1,old
6.66,O=C(N/N=C/c1ccccc1O)c1ccc(O)cc1,old
6.1,N[C@@H]1C[C@H]1c1cc(F)cc(F)c1OCc1ccccc1,old
5.89,N[C@@H]1C[C@H]1c1ccc(NC(=O)C(Cc2ccccc2)NC(=O)OCc2ccccc2)cc1,old
4.81,N/C(CC(=O)Nc1ccccc1)=N\O,old
4.77,N/C(CC(=O)Nc1ccccc1O)=N\O,old
5.56,CCNCCCCNCCCCNCCCCNCCCCNC/C=C/CNCCCCNCCCCNCCCCNCCCCNCC,old
5.67,C[C@@H]1O[C@@H](OC[C@H]2O[C@@H](Oc3c(-c4ccc(O)c(O)c4)oc4cc(O)cc(O)c4c3=O)[C@H](O)[C@@H](O)[C@@H]2O)[C@H](O)[C@H](O)[C@H]1O,old
4.99,COc1ccc(-c2cc(=O)c3c(O)cc(O[C@@H]4O[C@H](CO[C@@H]5O[C@@H](C)[C@H](O)[C@@H](O)[C@H]5O)[C@@H](O)[C@H](O)[C@H]4O)cc3o2)cc1O,old
4.16,Fc1ccc(Cn2cc(CSC(=S)N3CCNCC3)nn2)cc1,old
4.54,Cc1ccc(Cn2cc(CSC(=S)N3CCNCC3)nn2)cc1,old
4.71,COc1ccc(Cn2cc(CSC(=S)N3CCNCC3)nn2)cc1,old
4.48,O=C(OCc1ccccc1)N1CCN(C(=S)SCc2cn(Cc3ccccc3F)nn2)CC1,old
4.32,O=C(OCc1ccccc1)N1CCN(C(=S)SCc2cn(Cc3ccc(F)cc3)nn2)CC1,old
4.27,O=C(OCc1ccccc1)N1CCN(C(=S)SCc2cn(Cc3ccccc3Cl)nn2)CC1,old
4.65,Cc1ccc(Cn2cc(CSC(=S)N3CCN(C(=O)OCc4ccccc4)CC3)nn2)cc1,old
4.45,COc1ccc(Cn2cc(CSC(=S)N3CCN(C(=O)OCc4ccccc4)CC3)nn2)cc1,old
4.53,O=C(OCc1ccccc1)N1CCN(C(=S)SCc2cn(Cc3ccc(Cl)c(Cl)c3)nn2)CC1,old
4.36,COc1cc(Cn2cc(CSC(=S)N3CCN(C(=O)OCc4ccccc4)CC3)nn2)cc(OC)c1OC,old
6.41,CC(C)(C)OC(=O)N1CCN(C(=S)SCc2cn(Cc3cc(=O)oc4cc(O)ccc34)nn2)CC1,old
5.1,CC(C)(C)OC(=O)N1CCN(C(=S)SCc2cn(Cc3ccccc3F)nn2)CC1,old
4.67,CC(C)(C)OC(=O)N1CCN(C(=S)SCc2cn(Cc3ccc(F)cc3)nn2)CC1,old
4.94,CC(C)(C)OC(=O)N1CCN(C(=S)SCc2cn(Cc3ccccc3Cl)nn2)CC1,old
4.25,CC(C)(C)OC(=O)N1CCN(C(=S)SCc2cn(Cc3ccc(Cl)cc3)nn2)CC1,old
5.82,Cc1ccc(Cn2cc(CSC(=S)N3CCN(C(=O)OC(C)(C)C)CC3)nn2)cc1,old
4.74,COc1ccc(Cn2cc(CSC(=S)N3CCN(C(=O)OC(C)(C)C)CC3)nn2)cc1,old
4.05,CC(C)(C)OC(=O)N1CCN(C(=S)SCc2cn(Cc3ccc(Cl)c(Cl)c3)nn2)CC1,old
4.72,COc1cc(Cn2cc(CSC(=S)N3CCN(C(=O)OC(C)(C)C)CC3)nn2)cc(OC)c1OC,old
4.76,Fc1ccccc1Cn1cc(CSC(=S)N2CCNCC2)nn1,old
4.03,C#CCN(C)CCCOc1cccc(NC(=O)c2ccccc2)c1,old
4.41,C#CCNCC(O)COc1ccc(-c2ccccc2)cc1,old
4.29,C#CCN(C)CC(O)COc1ccc2ccccc2c1,old
4.04,C#CCNCC(O)COc1ccc2ccccc2c1,old
4.65,C#CCN(C)CC(O)COc1ccc2cc(Br)ccc2c1,old
4.29,O=c1c(Cl)c(C(F)(F)F)oc2ccc([N+](=O)[O-])cc12,old
4.36,Cc1cccc(Cn2cc(CSC(=S)N3CCN(C(=O)OC(C)(C)C)CC3)nn2)c1,old
4.56,CC(C)(C)OC(=O)N1CCN(C(=S)SCc2cn(Cc3ccccc3Br)nn2)CC1,old
4.15,CC(C)(C)OC(=O)N1CCN(C(=S)SCc2cn(Cc3ccc(O)cc3)nn2)CC1,old
4.16,CC(C)(C)OC(=O)N1CCN(C(=S)SCc2cn(Cc3ccccc3O)nn2)CC1,old
4.11,CC(C)(C)OC(=O)N1CCN(C(=S)SCc2cn(Cc3cccc(O)c3)nn2)CC1,old
4.09,CC(C)(C)OC(=O)N1CCN(C(=S)SCc2cn(Cc3ccc(O)cc3O)nn2)CC1,old
4.29,CC(C)(C)OC(=O)N1CCN(C(=S)SCc2cn(Cc3c(F)cccc3F)nn2)CC1,old
4.08,Cc1ccc(Cn2cc(CSC(=S)N3CCN(CCO)CC3)nn2)cc1,old
4.39,Cc1ccc(Cn2cc(CSC(=S)N3CCN(c4ccccc4)CC3)nn2)cc1,old
4.56,Cc1ccc(Cn2cc(CSC(=S)N3CCN(c4ncccn4)CC3)nn2)cc1,old
4.4,Fc1ccccc1Cn1cc(CSC(=S)N2CCN(c3ncccn3)CC2)nn1,old
4.36,Fc1ccc(Cn2cc(CSC(=S)N3CCN(c4ncccn4)CC3)nn2)cc1,old
4.45,Cc1ccc(Cn2cc(CSC(=S)N3CCN(S(C)(=O)=O)CC3)nn2)cc1,old
4.34,CS(=O)(=O)N1CCN(C(=S)SCc2cn(Cc3ccccc3F)nn2)CC1,old
4.26,CS(=O)(=O)N1CCN(C(=S)SCc2cn(Cc3ccc(F)cc3)nn2)CC1,old
4.06,FC(F)(F)c1ccc(Cn2cc(CSC(=S)N3CCNCC3)nn2)cc1,old
4.77,CCOC(=O)N1CCN(C(=S)SCc2cn(Cc3ccc(C)cc3)nn2)CC1,old
4.82,Cc1ccc(Cn2cc(CSC(=S)N3CCN(C(=O)OC(C)C)CC3)nn2)cc1,old
4.52,CC(=O)N1CCN(C(=S)SCc2cn(Cc3ccccc3F)nn2)CC1,old
4.33,CC(=O)N1CCN(C(=S)SCc2cn(Cc3ccc(F)cc3)nn2)CC1,old
4.6,CC(=O)N1CCN(C(=S)SCc2cn(Cc3ccc(C)cc3)nn2)CC1,old
6.01,O=c1c(O[C@@H]2O[C@H](CO)[C@@H](O)[C@H](O)[C@H]2O)c(-c2ccc(O)c(O)c2)oc2cc(O)cc(O)c12,old
5.43,N[C@@H]1C[C@H]1c1ccc(Br)cc1,old
4.97,N[C@H]1C[C@@H]1c1ccccc1,old
6.89,C/C(=N\NC(=O)c1ccccc1)c1cc(Cl)ccc1O,old
7.59,C/C(=N\NC(=O)c1cccc(S(=O)(=O)N2CCOCC2)c1)c1cc(Cl)ccc1O,old
7.85,C/C(=N/NC(=O)c1cccc(S(=O)(=O)N(C)C)c1)c1cc(Cl)ccc1O,old
7.7,N[C@@H]1C[C@H]1c1ccc(-c2cccc(O)c2)cc1,old
6.04,Cl.NC1CC1c1ccc(NC(=O)C(Cc2ccccc2)NC(=O)OCc2ccccc2)cc1,old
5.01,NC1CC1c1ccc(OCCCC(=O)NCc2ccccc2)cc1,old
5.72,NC1CC1c1ccc(OCCC(NC(=O)c2ccc(O)cc2)C(=O)Nc2ccccc2)cc1,old
4.74,C1=Nc2ccccc2C1CN[C@@H]1C[C@H]1c1ccccc1,old
7.6,COc1cccc(-c2ccc([C@@H]3C[C@H]3NCC(=O)N3CCN(C)CC3)cc2)c1,old
4.92,N[C@H]1C[C@@H]1c1ccc(Oc2ccccc2)cc1,old
6.6,CCNCCCNC/C=C\CNCCCNCC.Cl,old
5.28,COC(=O)c1cc(CN2CCN(C(=N)N)CC2)cc(C(=O)N2CCN(C(=O)c3ccc(C=N)cc3)CC2)c1,old
6.56,O=C(N/N=C/c1cc(Cl)ccc1O)c1ccc(O)cc1,old
6.54,C/C(=N\NC(=O)c1ccc(O)cc1)c1ccccc1O,old
6.71,O=C(N/N=C/c1ccccc1O)c1ccc(Br)cc1,old
6.48,O=C(N/N=C/c1ccccc1O)c1cccc(Cl)c1,old
7.72,C/C(=N\NC(=O)c1cccc(S(=O)(=O)N2CCOCC2)c1)c1ccccc1O,old
6.92,CC(C)C[C@H](NC(=O)[C@H](CCC(N)=O)NC(=O)[C@H](CCCCN)NC(=O)[C@H](CCCNC(=N)N)NC(=O)[C@@H]1CCCN1C(=O)[C@H](C)NC(=O)[C@H](CCCCN)NC(=O)CNC(=O)CNC(=O)[C@@H](NC(=O)[C@H](CO)NC(=O)[C@H](CCCCN)NC(=O)[C@H](CCCNC(=N)N)NC(=O)[C@H](C)NC(=O)[C@@H](NC(=O)[C@H](CCC(N)=O)NC(=O)[C@H](CCCCN[C@@H]1C[C@H]1c1ccccc1)NC(=O)[C@@H](NC(=O)[C@H](CCCNC(=N)N)NC(=O)[C@H](C)N)[C@@H](C)O)[C@@H](C)O)[C@@H](C)O)C(=O)N[C@@H](C)C(=O)O,old
5.91,CSCC[C@H](NC(=O)[C@@H](NC(=O)[C@H](CCCNC(=N)N)NC(=O)[C@H](C)N)[C@@H](C)O)C(=O)N[C@H]1CCCCNC(=O)CC[C@@H](C(=O)N[C@H](C(=O)NCC(=O)NCC(=O)N[C@@H](CCCCN)C(=O)N[C@@H](C)C(=O)N2CCC[C@H]2C(=O)N[C@@H](CCCNC(=N)N)C(=O)N[C@@H](CCCCN)C(=O)N[C@@H](CCC(N)=O)C(=O)N[C@@H](CC(C)C)C(=O)N[C@@H](C)C(N)=O)[C@@H](C)O)NC(=O)[C@H](CCCCN)NC(=O)[C@H](CCCNC(=N)N)NC(=O)[C@H](C)NC(=O)[C@H]([C@@H](C)O)NC1=O,old
8.05,CN1CCN(C(=O)CN[C@H]2C[C@@H]2c2ccc(-c3cc(F)ccc3C(F)(F)F)cc2)CC1,old
8.3,CC(N[C@H]1C[C@@H]1c1ccccc1)c1ccc2c(c1)OCCO2,old
5.8,Cl.N[C@H]1C[C@@H]1c1ccc(NC(=O)CCCCNC(=O)c2ccc(O)c3ncccc23)cc1,old
6,Cl.N[C@H]1C[C@@H]1c1ccc(NC(=O)CCCCCNC(=O)c2ccc(O)c3ncccc23)cc1,old
5.66,N[C@@H]1C[C@H]1c1ccc(NC(=O)c2ccnc(-c3cc(C(=O)O)ccn3)c2)cc1.O=C(O)C(F)(F)F,old
5.52,CC(C)(C)OC(=O)N1CCN(C(=S)SCc2cn(Cc3cc(=O)oc4cc(O)cc(O)c34)nn2)CC1,old
6.08,CC(C)(C)OC(=O)N1CCN(C(=S)SCc2cn(Cc3cc(=O)oc4c(O)c(O)ccc34)nn2)CC1,old
6.09,COc1ccc2c(Cn3cc(CSC(=S)N4CCN(C(=O)OC(C)(C)C)CC4)nn3)cc(=O)oc2c1,old
6.17,CC(C)(C)OC(=O)N1CCN(C(=S)SCc2cn(Cc3cc(=O)oc4cc(Cl)ccc34)nn2)CC1,old
4.07,CC(C)(C)OC(=O)N1CCN(C(=S)SCc2cn(Cc3cc(=O)oc4cc(F)ccc34)nn2)CC1,old
4.99,CC(C)(C)OC(=O)N1CCN(C(=S)SCc2cn(Cc3cc(=O)oc4ccccc34)nn2)CC1,old
6.28,CC(C)(C)OC(=O)N1CCN(C(=S)SCc2cn(Cc3cc(=O)oc4cc(N)ccc34)nn2)CC1,old
6.15,Cc1ccc2c(Cn3cc(CSC(=S)N4CCN(C(=O)OC(C)(C)C)CC4)nn3)cc(=O)oc2c1,old
5.02,CSCCc1nc(-c2cccc(NC(=N)N)c2)oc1C,old
3.73,CC(=O)c1csc(Nc2ccc(Cl)cc2)n1,old
3.91,CC(=O)c1csc(Nc2cccc(Cl)c2)n1,old
4.57,CC(=O)c1csc(Nc2ccc(Br)cc2)n1,old
4.24,CC(=O)c1csc(Nc2ccc(O)cc2)n1,old
4.07,O=S(=O)(Nc1nc(-c2ccc(Cl)cc2)cs1)c1ccccc1,old
4.35,O=S(=O)(Nc1nc(-c2ccc(Cl)cc2)cs1)C(F)(F)F,old
4.36,Cc1ccccc1S(=O)(=O)Nc1nc(-c2ccc(Cl)cc2)cs1,old
4.76,Cc1cccc(S(=O)(=O)Nc2nc(-c3ccc(Cl)cc3)cs2)c1,old
4.36,COc1cccc(S(=O)(=O)Nc2nc(-c3ccc(Cl)cc3)cs2)c1,old
4.12,COc1ccc(S(=O)(=O)Nc2nc(-c3ccc(Cl)cc3)cs2)cc1,old
5.12,O=S(=O)(Nc1nc(-c2ccc(Cl)cc2)cs1)c1cccc(-c2ccccc2)c1,old
4.8,O=S(=O)(Nc1nc(-c2ccc(Cl)cc2)cs1)c1ccc(-c2ccccc2)cc1,old
4.4,O=S(=O)(Nc1nc(-c2ccc(Cl)cc2)cs1)c1ccccc1Cl,old
4.99,O=S(=O)(Nc1nc(-c2ccc(Cl)cc2)cs1)c1cccc(Cl)c1,old
4.88,O=S(=O)(Nc1nc(-c2ccc(Cl)cc2)cs1)c1ccc(Cl)cc1,old
4.74,O=S(=O)(Nc1nc(-c2ccc(Cl)cc2)cs1)c1ccccc1C(F)(F)F,old
5.02,O=S(=O)(Nc1nc(-c2ccc(Cl)cc2)cs1)c1cccc(C(F)(F)F)c1,old
4.76,O=S(=O)(Nc1nc(-c2ccc(Cl)cc2)cs1)c1ccc(C(F)(F)F)cc1,old
4.31,O=[N+]([O-])c1ccccc1S(=O)(=O)Nc1nc(-c2ccc(Cl)cc2)cs1,old
4.69,O=[N+]([O-])c1cccc(S(=O)(=O)Nc2nc(-c3ccc(Cl)cc3)cs2)c1,old
4.58,O=[N+]([O-])c1ccc(S(=O)(=O)Nc2nc(-c3ccc(Cl)cc3)cs2)cc1,old
4.56,O=S(=O)(Nc1nc(-c2ccc(Cl)cc2)cs1)c1cccs1,old
4.71,O=S(=O)(Nc1nc(-c2ccc(Cl)cc2)cs1)c1cncc(Br)c1,old
4.44,Cn1nccc1-c1cncc(S(=O)(=O)Nc2nc(-c3ccc(Cl)cc3)cs2)c1,old
4.58,Cc1nccc(-c2cncc(S(=O)(=O)Nc3nc(-c4ccc(Cl)cc4)cs3)c2)n1,old
4.29,O=S(=O)(Nc1nc(-c2ccccc2)cs1)c1cccc(Cl)c1,old
4.86,O=S(=O)(Nc1nc(-c2ccccc2Cl)cs1)c1cccc(Cl)c1,old
4.99,O=S(=O)(Nc1nc(-c2cccc(Cl)c2)cs1)c1cccc(Cl)c1,old
4.21,O=[N+]([O-])c1ccccc1-c1csc(NS(=O)(=O)c2cccc(Cl)c2)n1,old
4.86,O=[N+]([O-])c1cccc(-c2csc(NS(=O)(=O)c3cccc(Cl)c3)n2)c1,old
4.75,O=[N+]([O-])c1ccc(-c2csc(NS(=O)(=O)c3cccc(Cl)c3)n2)cc1,old
4.46,O=C(OCO)c1cccc(-c2csc(NS(=O)(=O)c3cccc(Cl)c3)n2)c1,old
4.89,O=S(=O)(Nc1nc(-c2cccc(Br)c2)cs1)c1cccc(Cl)c1,old
4.78,O=S(=O)(Nc1nc(-c2ccc(Br)cc2)cs1)c1cccc(Cl)c1,old
4.63,COc1ccccc1-c1csc(NS(=O)(=O)c2cccc(Cl)c2)n1,old
4.72,COc1cccc(-c2csc(NS(=O)(=O)c3cccc(Cl)c3)n2)c1,old
4.59,COc1ccc(-c2csc(NS(=O)(=O)c3cccc(Cl)c3)n2)cc1,old
4.53,O=S(=O)(Nc1nc(-c2ccc3c(c2)OCCO3)cs1)c1cccc(Cl)c1,old
4.76,Cc1sc(NS(=O)(=O)c2cccc(Cl)c2)nc1-c1ccccc1,old
4.86,O=S(=O)(Nc1nc(-c2ccccc2)c(-c2ccccc2)s1)c1cccc(Cl)c1,old
4.53,Cc1ccc(-c2nnc(NS(=O)(=O)c3cccc(Cl)c3)s2)cc1,old
4.79,Cc1cccc(S(=O)(=O)Nc2nnc(-c3ccc(Cl)cc3)s2)c1,old
4.42,O=S(=O)(Nc1ccn(-c2ccccc2)n1)c1cc(Cl)cc(Cl)c1,old
4.24,O=S(=O)(Nc1ccn(-c2ccc(Cl)cc2)n1)c1cccc(C(F)(F)F)c1,old
7.35,COc1ncccc1CNC1CC1c1ccccc1,old
7.4,C/C(=N\NC(=O)c1cccc(S(=O)(=O)N2CCOCC2)c1)c1ccc(Cl)cc1O,old
6.59,Cc1ccc(-c2ncc(OC[C@@H]3CCNC3)cc2-c2ccc(C#N)cc2)cc1,old
4.59,NC1CC1c1ccccc1,old
4.71,Cl.Cl.S=C(NCCCNCCCCCCCNCCCNC(=S)NCC(c1ccccc1)c1ccccc1)NCC(c1ccccc1)c1ccccc1,old
4.85,Cl.Cl.S=C(NCCCNCCCCNCCCNC(=S)NCC(c1ccccc1)c1ccccc1)NCC(c1ccccc1)c1ccccc1,old
7,CN(C)[C@@H]1CCN(CCN[C@H]2C[C@@H]2c2ccccc2)C1.Cl.Cl,old
5.76,C[C@@]1(N)C[C@H]1c1ccccc1.Cl,old
6.11,CC[C@@]1(N)C[C@@H]1c1ccccc1.Cl,old
6.45,CCC[C@@]1(N)C[C@H]1c1ccccc1.Cl,old
6.79,Cl.N[C@@]1(c2ccccc2)C[C@H]1c1ccccc1,old
6.21,Cl.N[C@]1(Cc2ccccc2)C[C@@H]1c1ccccc1,old
6.66,Cl.N[C@]1(Cc2ccc3ccccc3c2)C[C@H]1c1ccccc1,old
6.69,Cl.N[C@]1(CCc2ccccc2)C[C@H]1c1ccccc1,old
5.75,C[C@]1(N)C[C@@H]1c1ccccc1.Cl,old
6.01,CC[C@@]1(N)C[C@H]1c1ccccc1.Cl,old
6.23,Cl.N[C@]1(c2ccccc2)C[C@H]1c1ccccc1,old
6.47,Cl.N[C@]1(Cc2ccccc2)C[C@H]1c1ccccc1,old
5.49,C[C@]1(N)C[C@@H]1c1ccccc1.O=C(O)C(F)(F)F,old
6.22,CC[C@]1(N)C[C@@H]1c1ccccc1.Cl,old
6.88,Cl.N[C@@]1(c2ccccc2)C[C@@H]1c1ccccc1,old
5.04,N[C@@]1(CO)C[C@H]1c1ccccc1,old
6,NC1CC1c1c(F)cc(F)cc1OCc1ccccc1,old
5.3,CCNCCCCCCCCCCCCCCCCNC/C=C/CNCCCCCCCCCCCCCCCCNCC,old
4.3,Cc1ccc(S(=O)(=O)Nc2nc(-c3ccc(Cl)cc3)cs2)cc1,old
5.1,Cl.S=C(NCCCNCCCCCNCCCNC(=S)NC(c1ccccc1)c1ccccc1)NC(c1ccccc1)c1ccccc1,old
5.15,Cl.S=C(NCCCNCCCCCNCCCNC(=S)NCC(c1ccccc1)c1ccccc1)NCC(c1ccccc1)c1ccccc1,old
5.44,Cl.S=C(NCCCNCCCCCNCCCNC(=S)NCCC(c1ccccc1)c1ccccc1)NCCC(c1ccccc1)c1ccccc1,old
6.83,CC(C)C[C@H](NC(=O)[C@H](CCC(N)=O)NC(=O)[C@H](CCCCN)NC(=O)[C@H](CCCNC(=N)N)NC(=O)[C@@H]1CCCN1C(=O)[C@H](C)NC(=O)[C@H](CCCCN)NC(=O)CNC(=O)CNC(=O)[C@@H](NC(=O)[C@H](CO)NC(=O)[C@H](CCCCN)NC(=O)[C@H](CCCNC(=N)N)NC(=O)[C@H](C)NC(=O)[C@@H](NC(=O)[C@H](CCC(N)=O)NC(=O)[C@H](CCCCNC1CC1c1ccccc1)NC(=O)[C@@H](NC(=O)[C@H](CCCNC(=N)N)NC(=O)[C@@H](C)N)[C@H](C)O)[C@H](C)O)[C@H](C)O)C(=O)N[C@@H](C)C(=O)O,old
6.65,CC(C)C[C@H](NC(=O)[C@H](CCC(N)=O)NC(=O)[C@H](CCCCN)NC(=O)[C@H](CCCNC(=N)N)NC(=O)[C@@H]1CCCN1C(=O)[C@H](C)NC(=O)[C@H](CCCCN)NC(=O)CNC(=O)CNC(=O)[C@@H](NC(=O)[C@H](CO)NC(=O)[C@H](CCCCN)NC(=O)[C@H](CCCNC(=N)N)NC(=O)[C@H](C)NC(=O)[C@@H](NC(=O)[C@H](CCC(N)=O)NC(=O)[C@H](CCCCN1CC=CC1)NC(=O)[C@@H](NC(=O)[C@H](CCCNC(=N)N)NC(=O)[C@@H](C)N)[C@H](C)O)[C@H](C)O)[C@H](C)O)C(=O)N[C@@H](C)C(=O)O,old
4.96,CC(C)C[C@H](NC(=O)[C@H](CCC(N)=O)NC(=O)[C@H](CCCCN)NC(=O)[C@H](CCCNC(=N)N)NC(=O)[C@@H]1CCCN1C(=O)[C@H](C)NC(=O)[C@H](CCCCN)NC(=O)CNC(=O)CNC(=O)[C@@H](NC(=O)[C@H](CO)NC(=O)[C@H](CCCCN)NC(=O)[C@H](CCCNC(=N)N)NC(=O)[C@H](C)NC(=O)[C@@H](NC(=O)[C@H](CCC(N)=O)NC(=O)[C@H](CCCCN1CC=CCC1)NC(=O)[C@@H](NC(=O)[C@H](CCCNC(=N)N)NC(=O)[C@@H](C)N)[C@H](C)O)[C@H](C)O)[C@H](C)O)C(=O)N[C@@H](C)C(=O)O,old
6.55,CC(C)C[C@H](NC(=O)[C@H](CCC(N)=O)NC(=O)[C@H](CCCCN)NC(=O)[C@H](CCCNC(=N)N)NC(=O)[C@@H]1CCCN1C(=O)[C@H](C)NC(=O)[C@H](CCCCN)NC(=O)CNC(=O)CNC(=O)[C@@H](NC(=O)[C@H](CO)NC(=O)[C@H](CCCCNC1CC1c1ccccc1)NC(=O)[C@H](CCCNC(=N)N)NC(=O)[C@H](C)NC(=O)[C@@H](NC(=O)[C@H](CCC(N)=O)NC(=O)[C@H](CCCCN)NC(=O)[C@@H](NC(=O)[C@H](CCCNC(=N)N)NC(=O)[C@@H](C)N)[C@H](C)O)[C@H](C)O)[C@H](C)O)C(=O)N[C@@H](C)C(=O)O,old
4.06,CC(C)C[C@H](NC(=O)[C@H](CCC(N)=O)NC(=O)[C@H](CCCCN)NC(=O)[C@H](CCCNC(=N)N)NC(=O)[C@@H]1CCCN1C(=O)[C@H](C)NC(=O)[C@H](CCCCN)NC(=O)CNC(=O)CNC(=O)[C@@H](NC(=O)[C@H](CO)NC(=O)[C@H](CCCCN1CC=CCC1)NC(=O)[C@H](CCCNC(=N)N)NC(=O)[C@H](C)NC(=O)[C@@H](NC(=O)[C@H](CCC(N)=O)NC(=O)[C@H](CCCCN)NC(=O)[C@@H](NC(=O)[C@H](CCCNC(=N)N)NC(=O)[C@@H](C)N)[C@H](C)O)[C@H](C)O)[C@H](C)O)C(=O)N[C@@H](C)C(=O)O,old
6.8,C[C@H](NC(=O)[C@@H](NC(=O)[C@H](CCC(N)=O)NC(=O)[C@H](CCCCNC1CC1c1ccccc1)NC(=O)[C@@H](NC(=O)[C@H](CCCNC(=N)N)NC(=O)[C@@H](C)N)[C@H](C)O)[C@H](C)O)C(=O)N[C@@H](CCCNC(=N)N)C(=O)N[C@@H](CCCCN)C(=O)N[C@@H](CO)C(=O)N[C@H](C(=O)NCC(=O)NCC(=O)N[C@@H](CCCCN)C(=O)N[C@@H](C)C(=O)N1CCC[C@H]1C(=O)N[C@@H](CCCNC(=N)N)C(=O)O)[C@H](C)O,old
6.45,C[C@H](NC(=O)[C@@H](NC(=O)[C@H](CCC(N)=O)NC(=O)[C@H](CCCCNC1CC1c1ccccc1)NC(=O)[C@@H](NC(=O)[C@H](CCCNC(=N)N)NC(=O)[C@@H](C)N)[C@H](C)O)[C@H](C)O)C(=O)N[C@@H](CCCNC(=N)N)C(=O)N[C@@H](CCCCN)C(=O)N[C@@H](CO)C(=O)N[C@H](C(=O)NCC(=O)NCC(=O)O)[C@H](C)O,old
6.35,C[C@H](NC(=O)[C@@H](NC(=O)[C@H](CCC(N)=O)NC(=O)[C@H](CCCCNC1CC1c1ccccc1)NC(=O)[C@@H](NC(=O)[C@H](CCCNC(=N)N)NC(=O)[C@@H](C)N)[C@H](C)O)[C@H](C)O)C(=O)N[C@@H](CCCNC(=N)N)C(=O)N[C@@H](CCCCN)C(=O)O,old
5.8,C#CCSc1nc(NNC(N)=S)c(C#N)c(-c2ccccc2)n1,old
5.94,C#CCSc1nc(NNC(N)=S)c(C#N)c(-c2cc(OC)c(OC)c(OC)c2)n1,old
5.96,C#CCSc1nc(NNC(N)=S)c(C#N)c(-c2ccc(C)cc2)n1,old
5.97,C#CCSc1nc(NNC(N)=S)c(C#N)c(-c2ccc(CC(C)C)cc2)n1,old
5.74,C#CCSc1nc(NNC(N)=S)c(C#N)c(-c2ccc(F)cc2)n1,old
5.59,C#CCSc1nc(NNC(N)=S)c(C#N)c(-c2ccc([N+](=O)[O-])cc2)n1,old
5.8,C#CCSc1nc(NNC(N)=S)c(C#N)c(-c2ccc(Cl)cc2)n1,old
5.78,C#CCSc1nc(NNC(N)=S)c(C#N)c(-c2ccc(F)c(F)c2)n1,old
5.8,C#CCSc1nc(NNC(N)=S)c(C#N)c(-c2ccc(Br)cc2)n1,old
5.45,C#CCSc1nc(NNC(N)=S)c(C#N)c(-c2cccc(Cl)c2)n1,old
5.58,C#CCSc1nc(NNC(N)=S)c(C#N)c(-c2cccc(OC)c2)n1,old
5.58,C#CCSc1nc(NNC(N)=O)c(C#N)c(-c2ccc(Cl)cc2)n1,old
5.13,C#CCSc1nc(NNC(N)=O)c(C#N)c(-c2ccc(F)c(F)c2)n1,old
5.5,C#CCSc1nc(NNC(N)=O)c(C#N)c(-c2ccc(C)cc2)n1,old
5.31,C#CCSc1nc(NNC(N)=O)c(C#N)c(-c2ccc(CC(C)C)cc2)n1,old
5.3,C#CCSc1nc(NNC(N)=O)c(C#N)c(-c2cccc(Cl)c2)n1,old
4.95,C#CCSc1nc(NNC(N)=O)c(C#N)c(-c2ccc([N+](=O)[O-])cc2)n1,old
4.38,C#CCSc1nc(NNC(N)=O)c(C#N)c(-c2ccc(Br)cc2)n1,old
4.34,C#CCSc1nc(Cl)c(C#N)c(-c2ccccc2)n1,old
5.5,C#CCSc1nc(Cl)c(C#N)c(-c2cc(OC)c(OC)c(OC)c2)n1,old
4.23,C#CCSc1nc(Cl)c(C#N)c(-c2ccc(C)cc2)n1,old
4.58,C#CCSc1nc(Cl)c(C#N)c(-c2ccc(CC(C)C)cc2)n1,old
4.66,C#CCSc1nc(Cl)c(C#N)c(-c2ccc(F)cc2)n1,old
5.08,C#CCSc1nc(Cl)c(C#N)c(-c2ccc(Cl)cc2)n1,old
4.61,C#CCSc1nc(Cl)c(C#N)c(-c2ccc(F)c(F)c2)n1,old
4.61,C#CCSc1nc(Cl)c(C#N)c(-c2ccc(Br)cc2)n1,old
4.01,N#Cc1c(Cl)nc(SCc2cn(Cc3ccccc3Cl)nn2)nc1-c1ccccc1,old
4.01,COc1cc(-c2nc(SCc3ccc(Cl)c(Cl)c3)nc(NNC(N)=S)c2C#N)cc(OC)c1OC,old
6.25,Cl.NC1CC1c1ccc(NC(=O)c2ccccc2)cc1,old
7.89,Cl.N[C@H]1C[C@@H]1c1ccc(NC(=O)c2ccccc2)cc1,old
7.68,Cl.N[C@@H]1C[C@H]1c1ccc(NC(=O)c2ccccc2)cc1,old
4.93,Cl.N[C@H]1C[C@@H]1c1cccc(NC(=O)c2ccccc2)c1,old
4.96,Cl.N[C@@H]1C[C@H]1c1cccc(NC(=O)c2ccccc2)c1,old
4.13,Cl.NC1CC1c1ccccc1NC(=O)c1ccccc1,old
7.59,Cl.N[C@@H]1C[C@@H]1c1ccc(NC(=O)c2ccccc2)cc1,old
7.66,Cl.N[C@H]1C[C@H]1c1ccc(NC(=O)c2ccccc2)cc1,old
5.56,Cl.N[C@@H]1C[C@@H]1c1cccc(NC(=O)c2ccccc2)c1,old
6.35,Cl.N[C@H]1C[C@H]1c1cccc(NC(=O)c2ccccc2)c1,old
6.44,Cl.N[C@H]1C[C@@H]1c1ccc(NC(=O)[C@H](Cc2ccccc2)NC(=O)OCc2ccccc2)cc1,old
7.52,Cl.N[C@@H]1C[C@H]1c1ccc(NC(=O)[C@H](Cc2ccccc2)NC(=O)OCc2ccccc2)cc1,old
6.41,Cl.N[C@H]1C[C@@H]1c1ccc(NC(=O)[C@@H](Cc2ccccc2)NC(=O)OCc2ccccc2)cc1,old
7.3,Cl.N[C@@H]1C[C@H]1c1ccc(NC(=O)[C@@H](Cc2ccccc2)NC(=O)OCc2ccccc2)cc1,old
5.77,Nc1nnc(NCc2c(Cl)cccc2Oc2ccccc2)[nH]1,old
6.52,O=C(N[C@@H](CCCCNC1CC1c1ccccc1)C(=O)NCc1ccccc1)c1ccccc1,old
6.68,c1ccc(C2C[C@@H]2NCc2cccnc2)cc1,old
7.82,CN1CCN(C(=O)CN[C@H]2C[C@@H]2c2ccc(OCc3ccc(Cl)cc3)cc2)CC1,old
6.1,Fc1ccc(CN[C@H]2CC2c2ccccc2)cc1,old
6.48,N#Cc1ccc(CN[C@H]2CC2c2ccccc2)cc1,old
5.55,FC(F)(F)c1ccc(CN[C@H]2CC2c2ccccc2)cc1,old
6,c1ccc(C2C[C@@H]2NCc2ccccn2)cc1,old
6.15,c1ccc(C2C[C@@H]2NCc2ccncc2)cc1,old
6.15,Cc1cccc(CN[C@H]2CC2c2ccccc2)n1,old
6.1,c1ccc(C2C[C@@H]2NCc2nccs2)cc1,old
5.35,c1ccc(C2C[C@@H]2NCc2cccs2)cc1,old
5.7,Fc1cccc(CN[C@H]2CC2c2ccccc2)c1,old
5.64,Fc1ccccc1CN[C@H]1CC1c1ccccc1,old
6.4,COc1cccc(CN[C@H]2CC2c2ccccc2)c1,old
6.55,FC(F)(F)c1ccc(CN[C@H]2CC2c2ccccc2)cn1,old
6.39,Clc1ccc(CN[C@H]2CC2c2ccccc2)cn1,old
6.3,Cc1ccnc(CN[C@H]2CC2c2ccccc2)c1,old
6.13,COc1cccc(CN[C@H]2CC2c2ccccc2)n1,old
5.34,Oc1cccnc1CN[C@H]1CC1c1ccccc1,old
6.68,Brc1cccc(CN[C@H]2CC2c2ccccc2)n1,old
5.34,COc1ccc(CN[C@H]2CC2c2ccc(Oc3ccccc3)cc2)cc1,old
5.52,Fc1ccc(CN[C@H]2CC2c2ccc(Oc3ccccc3)cc2)cc1,old
6.34,c1ccc(C2C[C@@H]2NCc2ccc3ccccc3n2)cc1,old
5.95,FC(F)(F)c1ccc(CN[C@H]2CC2c2ccccc2)nc1,old
6.26,Fc1cccnc1CN[C@H]1CC1c1ccccc1,old
6.85,c1ccc(C2C[C@@H]2NCc2cnc3ccccc3c2)cc1,old
6.74,COc1ccc(CN[C@H]2CC2c2ccccc2)cn1,old
6.6,COc1cncc(CN[C@H]2CC2c2ccccc2)c1,old
6.6,COc1ncccc1CN[C@H]1CC1c1ccccc1,old
6.72,C1=Nc2ccccc2C1CN[C@H]1CC1c1ccccc1,old
6.8,N#Cc1cccc(CN[C@H]2CC2c2ccccc2)c1,old
6.41,COc1ccccc1CN[C@H]1CC1c1ccccc1,old
6.8,Nc1ncccc1CN[C@H]1CC1c1ccccc1,old
7.05,Clc1ncccc1CN[C@H]1CC1c1ccccc1,old
7.22,COc1ccc(CN[C@H]2CC2c2ccccc2)cc1OC,old
6.52,c1ccc(C2C[C@@H]2NCc2ccc3c(c2)CCO3)cc1,old
6.4,c1ccc(C2C[C@@H]2NCc2ccc3c(c2)OCO3)cc1,old
6.17,c1ccc(C2C[C@@H]2NCc2ccc3c(c2)OCCO3)cc1,old
6.02,COc1cc(F)c(CN[C@H]2CC2c2ccccc2)c(F)c1,old
5.35,FC(F)(F)Oc1ccc(CN[C@H]2CC2c2ccccc2)cc1,old
6.52,COc1ccc(F)cc1CN[C@H]1CC1c1ccccc1,old
6.44,COc1ccc(CN[C@H]2CC2c2ccccc2)c(F)c1,old
5.71,COc1ccc(CN[C@H]2CC2c2ccccc2)c2ccccc12,old
6.66,COc1cccc(F)c1CN[C@H]1CC1c1ccccc1,old
7.22,COc1ccc2ccccc2c1CN[C@H]1CC1c1ccccc1,old
7.3,COc1ccc2c(OC)ccc(CN[C@H]3CC3c3ccccc3)c2c1,old
6.35,COc1ccc(CN[C@H]2CC2c2ccccc2)cc1C,old
6.29,COc1ccc(CN[C@H]2CC2c2ccccc2)cc1Cl,old
6.29,COc1ccc(CN[C@H]2CC2c2ccccc2)cc1F,old
7.1,COc1ccc(CN[C@H]2CC2c2ccccc2)c(C)c1,old
6.55,c1ccc(C2C[C@@H]2NCc2cccc3c2OCCCO3)cc1,old
6.52,c1ccc(C2C[C@@H]2NCc2ccc3c(c2)OCCCO3)cc1,old
7.4,CC1(C)CCc2cc(CN[C@H]3CC3c3ccccc3)ccc2O1,old
7.15,COc1ccc(CN[C@H]2CC2c2ccccc2)c(C)c1C,old
7.15,COc1cc(C)c(CN[C@H]2CC2c2ccccc2)cc1C,old
6.68,COc1cc(F)c(CN[C@H]2CC2c2ccccc2)cc1OC,old
6.83,COc1cc(CN[C@H]2CC2c2ccccc2)cc(Cl)c1OC,old
7.22,COc1ccc(CN[C@H]2CC2c2ccccc2)c(Cl)c1OC,old
6.74,c1ccc(C2C[C@@H]2NCc2ccc3[nH]ccc3c2)cc1,old
6.04,c1ccc(COc2ccc(C3C[C@@H]3NCc3ccccn3)cc2)cc1,old
7.3,COc1ccccc1CN[C@H]1CC1c1ccc(OCc2ccccc2)cc1,old
6.59,COc1ccc(C(C)N[C@H]2CC2c2ccccc2)cc1,old
6.68,COc1ccc(C(C)N[C@H]2CC2c2ccccc2)cc1OC,old
8.3,CC(N[C@H]1CC1c1ccccc1)c1ccc2c(c1)OCCO2,old
6.55,COc1ccc(CC(C)N[C@H]2CC2c2ccccc2)cc1OC,old
7.85,Cc1noc(CN[C@H]2CC2c2ccccc2)n1,old
5.22,O=C(CN[C@H]1C[C@@H]1c1ccccc1)NC1CC1,old
5.52,NC(=O)CN[C@H]1C[C@@H]1c1ccccc1,old
5.39,CC(N[C@H]1C[C@@H]1c1ccccc1)C(=O)NC1CC1,old
5.22,C#CCNC(=O)CN[C@H]1C[C@@H]1c1ccccc1,old
4.72,CC(C)NC(=O)CN[C@H]1CC1c1ccccc1,old
4.64,CC(C)(C)NC(=O)CN[C@H]1CC1c1ccccc1,old
5.05,O=C(CN[C@H]1CC1c1ccccc1)N1CCOCC1,old
5.19,CC(N[C@H]1C[C@@H]1c1ccccc1)C(N)=O,old
5.33,COC(=O)C(C)N[C@H]1C[C@@H]1c1ccccc1,old
6.62,O=C(CN[C@H]1C[C@@H]1c1ccccc1)NCC1CCNCC1,old
7.4,CC(CN(C)C)NC(=O)CN[C@H]1C[C@@H]1c1ccccc1,old
6.66,CN(C)[C@H]1CCN(C(=O)CN[C@H]2C[C@@H]2c2ccccc2)C1,old
6.93,CN(C)[C@@H]1CCN(C(=O)CN[C@H]2C[C@@H]2c2ccccc2)C1,old
8.05,N[C@H]1CCN(C(=O)CN[C@H]2C[C@@H]2c2ccccc2)C1,old
6.87,O=C(CN[C@H]1C[C@@H]1c1ccccc1)N[C@H]1CCNC1,old
6.46,CN1CCN(C(=O)CN[C@H]2C[C@@H]2c2ccccc2)CC1,old
6.59,CCN1CCN(C(=O)CN[C@H]2C[C@@H]2c2ccccc2)CC1,old
5.98,O=C(CN[C@H]1C[C@@H]1c1ccccc1)N1CCN(Cc2ccccc2)CC1,old
5.92,O=C(CN[C@H]1C[C@@H]1c1ccccc1)N1CCN(c2ccccc2)CC1,old
7.44,CN1CCN(C(=O)CN[C@H]2C[C@@H]2c2ccc(OCc3ccccc3)cc2)CC1,old
6.28,O=C(CN[C@H]1C[C@@H]1c1ccc(OCc2ccccc2)cc1)NC1CC1,old
7.74,CN1CCN(C(=O)CN[C@H]2C[C@@H]2c2ccc(OCc3cccc(F)c3)cc2)CC1,old
7.66,CN1CCN(C(=O)CN[C@H]2C[C@@H]2c2ccc(OCc3ccc(F)cc3)cc2)CC1,old
7.33,CN1CCN(C(=O)CN[C@H]2C[C@@H]2c2ccc(OCc3cccc(Cl)c3)cc2)CC1,old
7.6,CN1CCN(C(=O)CN[C@H]2C[C@@H]2c2ccc(OCc3cccc(Br)c3)cc2)CC1,old
7.77,[C-]#[N+]c1ccc(COc2ccc([C@H]3C[C@@H]3NCC(=O)N3CCN(C)CC3)cc2)cc1,old
6.79,CN1CCN(C(=O)CN[C@H]2C[C@@H]2c2ccc(OCCc3ccccc3)cc2)CC1,old
6.41,CN1CCN(C(=O)CN[C@H]2C[C@@H]2c2ccc(OCc3ccc(-c4ccccc4)cc3)cc2)CC1,old
7,CN1CCN(C(=O)CN[C@H]2C[C@@H]2c2ccc(-c3ccccc3)cc2)CC1,old
7.37,CN1CCN(C(=O)CN[C@H]2C[C@@H]2c2ccc(-c3cccnc3)cc2)CC1,old
7.6,COc1cccc(-c2ccc([C@H]3C[C@@H]3NCC(=O)N3CCN(C)CC3)cc2)c1,old
7.52,COc1ccc(-c2ccc([C@H]3C[C@@H]3NCC(=O)N3CCN(C)CC3)cc2)cc1,old
7.59,CN1CCN(C(=O)CN[C@H]2C[C@@H]2c2ccc(-c3cccc(C#N)c3)cc2)CC1,old
7.57,CN1CCN(C(=O)CN[C@H]2C[C@@H]2c2ccc(-c3ccc(C#N)cc3)cc2)CC1,old
7.38,CN1CCN(C(=O)CN[C@H]2C[C@@H]2c2ccc(-c3ccc(F)cc3)cc2)CC1,old
6.85,CN1CCN(C(=O)CN[C@H]2C[C@@H]2c2ccc(-c3cccc(C(F)(F)F)c3)cc2)CC1,old
7.62,CN1CCN(C(=O)CN[C@H]2C[C@@H]2c2ccc(-c3ccc(S(C)(=O)=O)cc3)cc2)CC1,old
7.59,CN1CCN(C(=O)CN[C@H]2CC2c2ccc(-c3cc(Cl)cc(Cl)c3)cc2)CC1,old
7.62,CN1CCN(C(=O)CN[C@H]2C[C@@H]2c2ccc(-c3ccc(F)cc3F)cc2)CC1,old
6.87,COc1ccc(-c2ccc([C@H]3C[C@@H]3NCC(=O)N3CCN(C)CC3)cc2)cn1,old
7.54,CN1CCN(C(=O)CN[C@H]2C[C@@H]2c2ccc(-c3ccccc3F)cc2)CC1,old
6.91,CN1CCN(C(=O)CN[C@H]2C[C@@H]2c2ccc(OCc3ccc(C(F)(F)F)cc3)cc2)CC1,old
6.8,CN1CCN(C(=O)CN[C@H]2C[C@@H]2c2ccc(-c3ccccc3C(F)(F)F)cc2)CC1,old
7.01,CN1CCN(C(=O)CN[C@H]2C[C@@H]2c2ccc(-c3ccc(OC(F)(F)F)cc3)cc2)CC1,old
7.4,CN1CCN(C(=O)CN[C@H]2C[C@@H]2c2ccc(-c3cccc(F)c3)cc2)CC1,old
6.87,COc1cc(F)ccc1-c1ccc([C@H]2C[C@@H]2NCC(=O)N2CCN(C)CC2)cc1,old
7.2,CN1CCN(C(=O)CN[C@H]2C[C@@H]2c2ccc(-c3ccncc3)cc2)CC1,old
7.68,CN1CCN(C(=O)CN[C@H]2C[C@@H]2c2ccc(-c3cccc(Cl)c3)cc2)CC1,old
7.23,CN1CCN(C(=O)CN[C@H]2C[C@@H]2c2ccc(-c3ccc(Cl)cc3)cc2)CC1,old
7.33,COc1ncccc1-c1ccc([C@H]2C[C@@H]2NCC(=O)N2CCN(C)CC2)cc1,old
7.6,CN1CCN(C(=O)CN[C@H]2C[C@@H]2c2ccc(CCc3ccccc3)cc2)CC1,old
7.74,CN1CCN(C(=O)CN[C@H]2C[C@@H]2c2ccc(C3CC3)cc2)CC1,old
7.89,O=C(NNC(=O)c1cc(S(=O)(=O)N2CCOCC2)ccc1F)c1ccccc1O,old
7.89,C/C(=N\NC(=O)c1cccc(S(=O)(=O)N(C)C)c1)c1cc(Cl)ccc1O,old
6.28,C/C(=N\NC(=O)c1cccc(N2CCOCC2)c1)c1cc(Cl)ccc1O,old
7.55,C/C(=N\NC(=O)c1cncc(S(C)(=O)=O)c1)c1cc(Cl)ccc1O,old
7.31,C/C(=N\NC(=O)c1cccc(S(C)(=O)=O)c1)c1cc(Cl)ccc1O,old
5.48,NC1CC1c1ccc(NC(=O)C(Cc2ccccc2)NC(=O)OCc2ccc(Br)cc2)cc1,old
4.47,CN(C(=O)C(Cc1ccccc1)NC(=O)OCc1ccccc1)c1ccc(C2CC2N)cc1,old
4.74,NC1CC1c1ccc(NC(=O)C(Cc2ccccc2)NC(=O)NCc2ccccc2)cc1,old
5.89,NC1CC1c1ccc(NC(=O)C(Cc2ccccc2)NC(=O)COc2ccccc2)cc1,old
4.4,NC1CC1c1ccc(NC(=O)C(Cc2c[nH]c3ccccc23)NC(=O)COc2ccccc2)cc1,old
5.62,CN1CCN(C(=O)CNC2CC2c2cccc(O)c2)CC1,old
5.86,CN1CCN(C(=O)CNC2CC2c2cccc(OCC[C@H](NC(=O)c3ccccc3)C(=O)NCc3ccccc3)c2)CC1,old
5.69,N#Cc1ccc(-c2cc(OCC3CCNCC3)cnc2-c2ccccc2)cc1,old
5.04,N#Cc1ccc(-c2ncc(OCC3CCNCC3)nc2-c2ccc(C#N)cc2)cc1,old
6.19,Cc1ccc(-c2ncc(OCC3CCCNC3)cc2-c2ccc(C#N)cc2)cc1,old
6.27,N#Cc1ccc(-c2nc(OCC3CCNCC3)cnc2-c2ccc(Br)cc2)cc1,old
4.65,CCNCc1ccc(-c2cc(OCC3CCNCC3)cnc2-c2ccc(C)cc2)cc1,old
7.34,N#Cc1ccc(-c2cc(OCC3CCNCC3)cnc2-c2ccc(OC(F)(F)F)cc2)cc1,old
6.42,Cc1ccc(-c2ncc(OCC3CCNCC3)cc2-c2ccc(C#N)cc2)cn1,old
4.58,Brc1ccc(-c2ncc(OCC3CCNCC3)nc2-c2ccc(Br)cc2)cc1,old
5.49,N#Cc1ccc(-c2cc(OCC3CCNCC3)cnc2-c2cccnc2)cc1,old
6.24,N#Cc1ccc(-c2cc(OCC3CCNCC3)cnc2-c2ccc(F)c(F)c2)cc1,old
4.49,Cc1ccc(-c2ncc(OCC3CCNCC3)nc2-c2ccc(C)cc2)cc1,old
6.66,Cc1ccc(-c2ncc(OCC3CCNCC3)cc2-c2ccc(C#N)cc2F)cc1,old
4.78,N#Cc1ccc(-c2ncc(OCC3CCNCC3)nc2-c2ccc(Br)cc2)cc1,old
7.11,CN1CCN(C(=O)CN[C@H]2C[C@@H]2c2ccc(-c3ccc(F)nc3)cc2)CC1,old
5.74,N#Cc1ccc(-c2cc(OCC3CCNCC3)cnc2-c2ccc(F)nc2)cc1,old
5.12,Cc1ccc(-c2ncc(OCC3CCNCC3)cc2-c2ccc(CN3CCNCC3)cc2)cc1,old
7.06,CC(C)c1ccc(-c2ncc(OCC3CCNCC3)cc2-c2ccc(C#N)cc2)cc1,old
7.54,Cc1ccc(-c2ncc(OCC3CCNCC3)cc2-c2ccc(C#N)cc2)cc1,old
7.21,c1ccc([C@H]2C[C@@H]2NCC2CCNCC2)cc1,old
5.4,N#Cc1ccc(-c2cc(OCC3CCNCC3)cnc2-c2ccc(C#N)cc2)cc1,old
6.82,Cc1ccc(-c2ncc(OCC3CCNCC3)cc2-c2ccc(C#N)c(F)c2)cc1,old
4.36,Cc1ccc(-c2ncc(OCC3CCNCC3)cc2-c2ccc(CN3CCOCC3)cc2)cc1,old
5.3,N#Cc1ccc(-c2cc(OCC3CCNCC3)cnc2-c2ccncc2)cc1,old
5.62,N#Cc1ccc(-c2cc(OCC3CCNCC3)cnc2-c2ccsc2)cc1,old
5.31,Cc1ccc(-c2ccc(OCC3CCNCC3)cc2-c2ccc(C#N)cc2)cc1,old
6.13,COc1ccc(-c2ncc(OCC3CCNCC3)cc2-c2ccc(C#N)cc2)cc1,old
7.24,N#Cc1ccc(-c2cc(OCC3CCNCC3)cnc2-c2ccc(C(F)(F)F)cc2)cc1,old
4.32,c1ccc(-c2ncc(OCC3CCNCC3)nc2-c2ccccc2)cc1,old
6.7,CCc1ccc(-c2ncc(OCC3CCNCC3)cc2-c2ccc(C#N)cc2)cc1,old
6.66,N#Cc1ccc(-c2cc(OCC3CCNCC3)cnc2-c2ccc(F)cc2)cc1,old
5.92,N#Cc1ccc(-c2cc(OCC3CCNCC3)cnc2-c2ccc(F)cc2F)cc1,old
5.92,Cc1ccc(-c2ncc(NCC3CCCNC3)cc2-c2ccc(C#N)cc2)cc1,old
6.1,Cc1cccc(-c2ncc(OCC3CCNCC3)cc2-c2ccc(C#N)cc2)c1,old
6.39,O=C(N[C@@H](CCCCNC1CC1c1ccccc1)C(=O)NCc1ccc(Cl)cc1)c1ccc(-c2ccccc2)cc1,old
6.24,O=C(N[C@@H](CCCCNC1CC1c1ccccc1)C(=O)NCc1cccc(C(F)(F)F)c1)c1ccc(-c2ccccc2)cc1,old
6.32,O=C(N[C@@H](CCCCNC1CC1c1ccccc1)C(=O)NCc1ccccc1)c1ccc(-c2ccccc2)cc1,old
6.68,Cc1sc(C(=O)Nc2cnn(C)c2)cc1[C@@H]1C[C@H]1NCC1CC1,old
6.62,Cc1nnc(NC(=O)c2cc([C@@H]3C[C@H]3NCC3CC3)cs2)s1,old
6.74,Cc1nnc(NC(=O)c2cc([C@@H]3C[C@H]3NCC3CC3)c(C)s2)s1,old
6.64,Cc1nnc(NC(=O)c2cc([C@@H]3C[C@H]3NC3CCC3)cs2)s1,old
5.94,O=C(O)c1ccc(CN2CCC(CN[C@H]3C[C@@H]3c3ccccc3)CC2)cc1,old
7.49,N[C@H]1CC[C@H](N[C@@H]2C[C@H]2c2ccccc2)CC1,old
7.23,NNCCc1ccc(NC(=O)CCCc2ccccc2)cc1,old
6.35,O=C(N[C@@H](CCCCN[C@@H]1C[C@H]1c1ccccc1)C(=O)NCc1cccc(Cl)c1)c1ccc(-c2ccccc2)cc1,old
8.22,CN1CCC(CN[C@@H]2C[C@H]2c2ccccc2)CC1,old
5.74,CC(C)C[C@H](NC(=O)[C@H](CCC(N)=O)NC(=O)[C@H](CCCCN)NC(=O)[C@H](CCCNC(=N)N)NC(=O)[C@@H]1CCCN1C(=O)[C@H](C)NC(=O)[C@H](CCCCN)NC(=O)CNC(=O)CNC(=O)[C@@H](NC(=O)[C@H](CO)NC(=O)[C@H](CCCCN)NC(=O)[C@H](CCCNC(=N)N)NC(=O)[C@H](C)NC(=O)[C@@H](NC(=O)[C@H](CCC(N)=O)NC(=O)[C@H](CCCCN)NC(=O)[C@@H](NC(=O)[C@H](CCCNC(=N)N)NC(=O)[C@H](C)N)[C@@H](C)O)[C@@H](C)O)[C@@H](C)O)C(=O)N[C@@H](C)C(N)=O,old
5.99,CC(C)C[C@H](NC(=O)[C@H](Cc1ccccc1)NC(=O)[C@H](CO)NC(=O)[C@H](CCCNC(=N)N)NC(=O)[C@@H]1CCCN1)C(=O)N[C@H](C(=O)N[C@@H](CCCNC(=N)N)C(=O)N[C@@H](CCCCN)C(=O)N1CCC[C@H]1C(N)=O)C(C)C,old
5,CSCCc1nc(-c2cc(N)ccc2Cl)oc1C,old
6.62,CC(C)C[C@H](NC(=O)[C@H](Cc1ccccc1)NC(=O)CNC(=O)[C@H](CCCNC(=N)N)NC(=O)[C@@H]1CCCN1)C(=O)N[C@H](C(=O)N[C@@H](CCCCN)C(=O)N[C@@H](CCCNC(=N)N)C(=O)N[C@@H](CO)C(=O)N[C@@H](CCCCN)C(=O)N[C@@H](CCCCN)C(=O)N[C@@H](CO)C(=O)N[C@H](C(=O)N1CCC[C@H]1C(=O)N[C@H](C(=O)N[C@@H](CO)C(=O)N[C@@H](Cc1ccc(O)cc1)C(=O)N[C@@H](CCCNC(=N)N)C(=O)N[C@H](C(=O)N[C@@H](CCCNC(=N)N)C(N)=O)C(C)C)C(C)C)[C@@H](C)O)C(C)C,old
5.1,CC(C)[C@H](NC(=O)[C@@H](NC(=O)[C@H](CCC(N)=O)NC(=O)[C@H](Cc1ccccc1)NC(=O)[C@H](CO)NC(=O)[C@H](CCCNC(=N)N)NC(=O)[C@@H]1CCCN1)[C@@H](C)O)C(N)=O,old
6.22,O=C(O)c1ccc(CN2CCC(CN[C@@H]3C[C@H]3c3ccccc3)CC2)cc1,old
8.22,c1ccc(CN2CCC(CN[C@@H]3C[C@H]3c3ccccc3)CC2)cc1,old
6.68,CC(C)C[C@H](NC(=O)[C@H](Cc1ccccc1)NC(=O)[C@H](CO)NC(=O)[C@H](CCCNC(=N)N)NC(=O)[C@@H]1CCCN1)C(=O)N[C@H](C(=O)N[C@@H](CCCNC(=N)N)C(=O)N[C@@H](CCCCN)C(=O)N1CCC[C@H]1C(=O)N[C@@H](CO)C(=O)N[C@@H](CC(=O)O)C(=O)N1CCC[C@H]1C(=O)N[C@@H](CC(N)=O)C(=O)N[C@@H](CCCNC(=N)N)C(=O)N[C@@H](CCCCN)C(=O)N1CCC[C@H]1C(=O)N[C@@H](CC(N)=O)C(=O)N[C@@H](Cc1ccc(O)cc1)C(=O)N[C@@H](CO)C(=O)N[C@@H](CCC(N)=O)C(=O)O)C(C)C,old
4.66,C/C(=C\CC/C(C)=C/C(=O)O)CC/C=C(\C)CCCC(C)C,old
5.62,Cc1ccc(NC(=O)CCC(=O)OCC(=O)c2ccc(-c3ccccc3)cc2)cc1Cl,old
4.67,CC(C)(C)OC(=O)N[C@@H]1C[C@H]1c1ccc(OC(=O)OC(C)(C)C)cc1,old
4.05,O=S(=O)(c1ccc2[nH]c(Nc3cc(Cl)ccc3O)nc2c1)N1CCOCC1,old
5.59,CSCC[C@H](NC(=O)[C@H](CO)NC(=O)[C@H](CCCNC(=N)N)NC(=O)[C@@H]1CCCN1)C(=O)N[C@@H](CC(C)C)C(=O)N[C@H](C(N)=O)C(C)C,old
4.55,CC(C)C[C@H](NC(=O)[C@H](Cc1ccccc1)NC(=O)[C@H](CO)NC(=O)[C@H](CCCNC(=N)N)NC(=O)[C@@H]1CCCN1)C(=O)N[C@H](C(N)=O)C(C)C,old
8.3,c1ccc([C@@H]2C[C@H]2NCC2CCNCC2)cc1,old
7.15,CC(C)S(=O)(=O)Nc1cccc(-c2ccc([C@H]3C[C@@H]3N)cc2)c1,old
6.12,N=C(NCCCNCCCCCCCNCCCNC(=N)NC(=N)NCCC(c1ccccc1)c1ccccc1)NC(=N)NCCC(c1ccccc1)c1ccccc1,old
5.5,C[C@]12CC[C@H]3[C@@H](CC=C4C[C@@H](OC(=O)Cn5cc(CN6C(=O)C(=O)c7c(Cl)ccc(Cl)c76)nn5)CC[C@@]43C)[C@@H]1CCC2=O,old
4.56,CC(C)C[C@@H]1NC(=O)[C@H](Cc2ccccc2)NC(=O)[C@H](CO)NC(=O)[C@H](CCCNC(=N)N)NC(=O)[C@@H]2CCCN2C(=O)OCCSSCCOC(=O)NCCCC[C@@H](C(=O)N2CCC[C@H]2C(N)=O)NC(=O)[C@H](CCCNC(=N)N)NC(=O)[C@H](C(C)C)NC1=O,old
7.39,NC1CCC(N[C@H]2C[C@@H]2c2ccc(-c3cccc(O)c3)s2)CC1,old
7.61,NC1CCC(N[C@@H]2C[C@H]2c2ccccc2)CC1,old
7.35,NC1CCC(N[C@H]2C[C@]2(F)c2ccccc2)CC1,old
7.05,N[C@H]1CC[C@H](N[C@@H]2C[C@H]2c2ccc(-c3cccc(C(F)(F)F)c3)cc2)CC1,old
7.68,NC1CCC(NC2CC2c2ccc3ccccc3c2)CC1,old
7.43,NC1CCC(NC2CC2c2ccc(C(F)(F)F)cc2)CC1,old
6.64,NC1CCC(N[C@H]2C[C@@H]2c2ccccc2)CC1,old
7.57,Cc1ccccc1C1CC1NC1CCC(N)CC1,old
7.49,NC1CCC(N[C@H]2C[C@@H]2c2cnc(-c3cccc(O)c3)s2)CC1,old
7.1,N#Cc1ccccc1S(=O)(=O)Nc1cccc(-c2ncc([C@H]3C[C@@H]3NC3CCC(N)CC3)s2)c1,old
7.44,COc1ccc(C2CC2NC2CCC(N)CC2)cc1,old
7.46,NC1CCC(NC2CC2c2ccccc2F)CC1,old
4.66,NC1CCC(N[C@H]2C[C@@]2(F)c2ccccc2)CC1,old
7.33,CC1(c2ccccc2)CC1NC1CCC(N)CC1,old
7.43,NC1CCC(NC2CC2c2ccc(F)c(F)c2)CC1,old
7.28,N[C@H]1CC[C@@H](N[C@@H]2C[C@H]2c2ccc(-c3cccc(C(F)(F)F)c3)cc2)CC1,old
5.17,NC1CCC(NC2CC2c2ccc(O)cc2)CC1,old
7.47,NC1CCC(N[C@H]2C[C@@H]2c2cncs2)CC1,old
4.59,N[C@@H]1C[C@H]1c1ccccc1.N[C@H]1C[C@@H]1c1ccccc1,old
4.1,COc1ccc([C@@H]2CC(=O)c3c(O)cc(O)cc3O2)cc1O,old
6.68,N/C(=N\O)c1cccc(/C=C/c2ccc(O)cc2)c1,old
7.52,CSCC[C@H](NC(=O)[C@@H](NC(=O)[C@H](CCCNC(=N)N)NC(=O)[C@@H](N)CO)[C@@H](C)O)C(=O)N[C@@H](CCC(N)=O)C(=O)N[C@H](C(=O)N[C@@H](C)C(=O)N[C@@H](CCCNC(=N)N)C(=O)N[C@@H](CCCCN)C(=O)N[C@@H](CO)C(=O)N[C@H](C(=O)NCC(=O)NCC(=O)N[C@@H](CCCCN)C(=O)N[C@@H](C)C(=O)N1CCC[C@H]1C(=O)N[C@@H](CCCNC(=N)N)C(=O)N[C@@H](CCCCN)C(=O)N[C@@H](CCC(N)=O)C(=O)N[C@@H](CC(C)C)C(N)=O)[C@@H](C)O)[C@@H](C)O,old
5.75,CN(C)C(=O)COc1cc(C(=O)N2CCC[C@@H](N)C2)nn1-c1ccc(C#N)cc1,old
5.19,CCCn1c(S)nc2c1c(=O)[nH]c(=O)n2C,old
5.44,N/C(=N\O)c1cccc(/C=C/c2ccncc2)c1,old
6.52,Cc1cc(COc2cc(C(=O)N3CCC(N)CC3)nn2-c2ccc(C#N)cc2)on1,old
5.48,COc1ccc([C@@H]2CN(C(=O)C[C@H]3CC[C@@H](N)CC3)C[C@H]2c2ccc(C#N)cc2)cn1,old
5.51,CC(=O)N1CCc2cc(S(=O)(=O)N(CC(=O)N3CCC(N)CC3)c3ccc(C#N)cc3)ccc21,old
6.1,N[C@H]1C[C@]1(F)c1ccc(S(F)(F)(F)(F)F)cc1,old
5.29,Cc1ccc(S(=O)(=O)N(CC(=O)N2CCC(N)CC2)c2ccc(C#N)cc2)cc1,old
6.37,COc1cc(NS(=O)(=O)c2ccc3c(c2)cc(C)c(=O)n3C)ccc1-n1nc(C)cc1C,old
5.4,N#Cc1ccc(-n2nc(C(=O)N3CCC[C@@H](N)C3)cc2OC[C@@H]2CCC(=O)N2)cc1,old
6.14,CCCSc1nc(Sc2ccccn2)c2nnn(CCc3cccs3)c2n1,old
6.89,Cn1ncc2cc([C@@H]3CN(C(=O)[C@H]4CC[C@H](CN)CC4)C[C@H]3c3ccc(C#N)cc3)ccc21,old
4.28,COc1ccc([C@@H]2C(=O)N([C@H]3CC[C@H](N)CC3)[C@H]2c2ccc(C#N)cc2)cc1,old
6.75,N#Cc1ccc(-n2nc(C(=O)N3CCC[C@@H](N)C3)cc2OCC(O)C(F)(F)F)cc1,old
6.72,CN[C@@H]1CCCN(C(=O)c2cc(OCc3cc(C)no3)n(-c3ccc(C#N)cc3)n2)C1,old
6.7,Cc1ccc(CN(CC(=O)N2CCC(CN)CC2)c2ccc(C#N)cc2)cc1,old
6.12,CCCSc1nc(Sc2ccccn2)c2nnn(Cc3ccco3)c2n1,old
6.37,Cc1cc(COc2cc(C(=O)N3C[C@@H]4CCCN[C@@H]4C3)nn2-c2ccc(C#N)cc2)on1,old
6.17,C#CCSc1nc(Sc2ccccn2)c2nnn(Cc3ccccc3)c2n1,old
6.13,N/C(=N\O)c1ccc(/C=C/c2ccc(O)c(O)c2)cc1,old
6.48,N/C(=N\O)c1cccc(/C=C/c2ccc(O)c(O)c2)c1,old
4.75,N#Cc1ccc(-n2nc(C(=O)N3CCC[C@@H](N)C3)cc2OCC(N)=O)cc1,old
6.06,N#Cc1ccc(N(CC(=O)N2CCC(CN)CC2)Cc2ccc(F)cc2)cc1,old
7.4,Cc1ccc([C@@H]2CN(C(=O)[C@H]3CC[C@H](CN)CC3)C[C@H]2c2ccc(C#N)cc2)cc1,old
6.91,N/C(=N\O)c1ccc(/C=C/c2cc(O)c(O)cc2Br)cc1,old
5.11,Cc1ccc(S(=O)(=O)N(CC(=O)N[C@H]2CN3CCC2CC3)c2ccc(C#N)cc2)cc1,old
5.11,Cc1ccc(S(=O)(=O)N(CC(=O)N2CCC(N(C)C)CC2)c2ccc(C#N)cc2)cc1,old
5.8,COc1cc(NS(=O)(=O)c2ccc3c(c2)CCN3C(C)=O)ccc1-n1nc(C)cc1C,old
6.07,N#Cc1ccc(-n2nc(C(=O)N3CCC[C@@H](N)C3)cc2OCC(=O)N2CCOCC2)cc1,old
7.3,CC(C)c1cc(COc2cc(C(=O)N3CCC[C@@H](N)C3)nn2-c2ccc(C#N)cc2)on1,old
7.04,Cc1cc(COc2cc(C(=O)N3CC[C@H](N)C3)nn2-c2ccc(C#N)cc2)on1,old
6.02,CCCSc1nc(Sc2ccccn2)c2nnn(CC(C)C)c2n1,old
6.18,N#Cc1ccc(N(CC(=O)N2CCC(CN)CC2)Cc2ccc(C(N)=O)cc2)cc1,old
5.77,Cn1ncc2cc([C@@H]3CN(C(=O)[C@H]4CC[C@@H](N)CC4)C[C@H]3c3ccc(C#N)cc3)ccc21,old
5.04,N[C@H]1C[C@@]1(F)c1cccc(C(F)(F)F)c1,old
6.16,Cc1cc(COc2cc(C(=O)N3CCC[C@@H](N)C3)nn2-c2ccc(C#N)cc2)on1,old
4.7,Cn1cc2cc(N(CC(=O)N3CCC[C@@H](N)C3)S(=O)(=O)c3ccc(C#N)cc3)ccc2n1,old
6.62,Cc1cc(COc2cc(C(=O)N3CCC[C@@H](N)C3)nn2-c2ccc(C#N)cc2)n(C)n1,old
6.42,Cc1cc(COc2cc(C(=O)N3C[C@H]4CCCN[C@H]4C3)nn2-c2ccc(C#N)cc2)on1,old
5.01,Cc1ccc(S(=O)(=O)N(CC(=O)N2CC[C@@H](N)C2)c2ccc(C#N)cc2)cc1,old
5.59,N#Cc1ccc(N(CC(=O)N2CCC(N)CC2)Cc2ccccc2)cc1,old
5.97,C#CCSc1nc(NNC(N)=S)c(C#N)c(-c2ccc(C(C)C)cc2)n1,old
5.09,N[C@H]1C[C@]1(F)c1cccc(C(F)(F)F)c1,old
4.76,Cc1ccc(S(=O)(=O)N(CC(=O)N2CCC[C@H](N)C2)c2ccc(C#N)cc2)cc1,old
6.06,CNC[C@H]1CC[C@H](C(=O)N2C[C@@H](c3ccc(C#N)cc3)[C@H](c3ccc4c(cnn4C)c3)C2)CC1,old
5.77,Cc1ccc([C@@H]2CN(C(=O)[C@@H]3CCC[C@@H](N)C3)C[C@H]2c2ccc(C#N)cc2)cc1,old
6.3,COc1ccc(CN(CC(=O)N2CCC(N)CC2)c2ccc(C#N)cc2)cc1F,old
6.15,Cc1cc(COc2cc(C(=O)N3CCCC(N4CCCC4)C3)nn2-c2ccc(C#N)cc2)on1,old
6.41,N/C(=N\O)c1ccc(/C=C/c2ccc(O)cc2)cc1,old
5.85,CSCC[C@H](NC(=O)[C@@H](NC(=O)[C@H](CCCNC(=N)N)NC(=O)[C@H](C)N)[C@@H](C)O)C(=O)N[C@@H](CCC(N)=O)C(=O)N[C@H](C(=O)N[C@@H](C)C(=O)N[C@@H](CCCNC(=N)N)C(=O)N[C@@H](CCCCN)C(=O)N[C@@H](CO)C(=O)N[C@H](C(=O)NCC(=O)NCC(=O)N[C@@H](CCCCN)C(=O)N[C@@H](C)C(=O)N1CCC[C@H]1C(=O)N[C@@H](CCCNC(=N)N)C(=O)N[C@@H](CCCCNC(=O)CO)C(=O)N[C@@H](CCC(N)=O)C(=O)N[C@@H](CC(C)C)C(N)=O)[C@@H](C)O)[C@@H](C)O,old
5.17,N[C@H]1C[C@]1(F)c1cccc(F)c1,old
5.59,N/C(=N\O)c1cccc(/C=C/c2cc(O)cc(O)c2)c1,old
6.33,Cc1ccc([C@@H]2CN(C(=O)C[C@H]3CC[C@H](N)CC3)C[C@H]2c2ccc(C#N)cc2)cc1,old
6.32,Cc1cc(COc2cc(C(=O)N3CCC(CN)CC3)nn2-c2ccc(C#N)cc2)on1,old
5.11,Cc1ccc(S(=O)(=O)N(CC(=O)N2C[C@@H]3C[C@H]2CN3)c2ccc(C#N)cc2)cc1,old
5.2,CSCC[C@H](NC(=O)[C@@H](NC(=O)[C@H](CCCNC(=N)N)NC(=O)[C@@H](N)CCO)[C@@H](C)O)C(=O)N[C@@H](CCC(N)=O)C(=O)N[C@H](C(=O)N[C@@H](C)C(=O)N[C@@H](CCCNC(=N)N)C(=O)N[C@@H](CCCCN)C(=O)N[C@@H](CO)C(=O)N[C@H](C(=O)NCC(=O)NCC(=O)N[C@@H](CCCCN)C(=O)N[C@@H](C)C(=O)N1CCC[C@H]1C(=O)N[C@@H](CCCNC(=N)N)C(=O)N[C@@H](CCCCN)C(=O)N[C@@H](CCC(N)=O)C(=O)N[C@@H](CC(C)C)C(=O)N[C@@H](CCCCNC(=O)[C@@H](N)CCO)C(N)=O)[C@@H](C)O)[C@@H](C)O,old
5.41,Cc1ccc(S(=O)(=O)N(CC(=O)N2CCC(C)(N)CC2)c2ccc(C#N)cc2)cc1,old
5.39,N[C@H]1C[C@@]1(F)c1cccc(F)c1,old
5,CC(Oc1cc(C(=O)N2CCC[C@@H](N)C2)nn1-c1ccc(C#N)cc1)C(N)=O,old
6.21,COc1ccc(CN(CC(=O)N2CCC(F)(CN)CC2)c2ccc(C#N)cc2)cc1F,old
6.94,Cc1ccc(-c2ncc(OC[C@H]3CCNC3)cc2-c2ccc(C#N)cc2)cc1,old
5.27,COc1ccc([C@@H]2CN(C(=O)CC3CCCNC3)C[C@H]2c2ccc(C#N)cc2)cn1,old
6.36,Cn1cnc(COc2cc(C(=O)N3CCC[C@@H](N)C3)nn2-c2ccc(C#N)cc2)n1,old
6.54,CSCC[C@H](NC(=O)[C@@H](NC(=O)[C@H](CCCNC(=N)N)NC(=O)[C@@H](N)CO)[C@@H](C)O)C(=O)N[C@@H](CCC(N)=O)C(=O)N[C@H](C(=O)N[C@@H](C)C(=O)N[C@@H](CCCNC(=N)N)C(=O)N[C@@H](CCCCN)C(=O)N[C@@H](CO)C(=O)N[C@H](C(=O)NCC(=O)NCC(=O)N[C@@H](CCCCN)C(=O)N[C@@H](C)C(=O)N1CCC[C@H]1C(=O)N[C@@H](CCCNC(=N)N)C(=O)N[C@@H](CCCCN)C(=O)N[C@@H](CCC(N)=O)C(=O)N[C@@H](CC(C)C)C(=O)N[C@@H](C)C(=O)N[C@H](C(=O)N[C@@H](CCCCNC(=O)[C@@H](N)CO)C(N)=O)[C@@H](C)O)[C@@H](C)O)[C@@H](C)O,old
4.96,Cc1ccc(S(=O)(=O)N(CC(=O)NC2CCNCC2)c2ccc(C#N)cc2)cc1,old
6.16,CCCSc1nc(Sc2ccccn2)c2nnn(Cc3ccccc3)c2n1,old
6.47,Cc1ccc([C@@H]2CN(C(=O)CC3CCCNC3)C[C@H]2c2ccc(C#N)cc2)cc1,old
6.06,Cc1ccc(CN(CC(=O)N2CCC(N)CC2)c2ccc(C#N)cc2)cc1,old
6.84,CC(C)(O)CCOc1cc(C(=O)N2CCC[C@@H](N)C2)nn1-c1ccc(C#N)cc1,old
6.94,Cc1cc(COc2cc(C(=O)N3CCC[C@H](N)C3)nn2-c2ccc(C#N)cc2)on1,old
4.52,COc1cc(/C=C/C(=O)Nc2ccccc2)ccc1O,old
5.92,COc1cccc([C@@]2(F)C[C@@H]2N)c1,old
6.25,Cc1cc(NNC(=O)c2cnccn2)n2nc(SCc3nc4ccccc4[nH]3)nc2n1,old
6.71,N/C(=N\O)c1cccc(/C=C/c2cc(O)c(O)cc2F)c1,old
6.42,CSCC[C@H](NC(=O)[C@@H](NC(=O)[C@H](CCCNC(=N)N)NC(=O)[C@@H](N)CO)[C@@H](C)O)C(=O)N[C@@H](CCC(N)=O)C(=O)N[C@H](C(=O)N[C@@H](C)C(=O)N[C@@H](CCCNC(=N)N)C(=O)N[C@@H](CCCCN)C(=O)N[C@@H](CO)C(=O)N[C@H](C(=O)NCC(=O)NCC(=O)N[C@@H](CCCCN)C(=O)N[C@@H](C)C(=O)N1CCC[C@H]1C(=O)N[C@@H](CCCNC(=N)N)C(=O)N[C@@H](CCCCNC(=O)[C@@H](N)CO)C(=O)N[C@@H](CCC(N)=O)C(=O)N[C@@H](CC(C)C)C(N)=O)[C@@H](C)O)[C@@H](C)O,old
4.58,C#CCSc1nc(Cl)c(C#N)c(-c2ccc(C(C)C)cc2)n1,old
6.25,c1ccc(CSc2nc(Sc3ccccn3)c3nnn(Cc4ccccc4)c3n2)cc1,old
7.4,CSCC[C@H](NC(=O)[C@@H](NC(=O)[C@H](CCCNC(=N)N)NC(=O)[C@@H](C)N)[C@H](C)O)C(=O)N[C@@H](CCC(N)=O)C(=O)N[C@H](C(=O)N[C@@H](C)C(=O)N[C@@H](CCCNC(=N)N)C(=O)N[C@@H](CCCCN)C(=O)N[C@@H](CO)C(=O)N[C@H](C(=O)NCC(=O)NCC(=O)N[C@@H](CCCCN)C(=O)N[C@@H](C)C(=O)N1CCC[C@H]1C(=O)N[C@@H](CCCNC(=N)N)C(=O)N[C@@H](CCCCN)C(=O)N[C@@H](CCC(N)=O)C(=O)N[C@@H](CC(C)C)C(=O)N[C@@H](C)C(N)=O)[C@H](C)O)[C@H](C)O,old
5.87,Cc1cc(COc2cc(C(=O)N3CC[C@@H](F)[C@@H](N)C3)nn2-c2ccc(C#N)cc2)on1,old
6.61,N/C(=N\O)c1cccc(/C=C/c2ccc(O)c(F)c2)c1,old
6.06,CC(O)COc1cc(C(=O)N2CCC[C@@H](N)C2)nn1-c1ccc(C#N)cc1,old
6.75,CNC[C@H]1CC[C@H](C(=O)N2C[C@@H](c3ccc(C)cc3)[C@H](c3ccc(C#N)cc3)C2)CC1,old
6.71,N/C(=N\O)c1ccc(/C=C/c2cc(O)c(O)cc2F)cc1,old
4.05,Cc1ccc(S(=O)(=O)N(CC(=O)Nc2cccnc2)c2ccc(C#N)cc2)cc1,old
6.12,Cc1nnc(COc2cc(C(=O)N3CCC[C@@H](N)C3)nn2-c2ccc(C#N)cc2)o1,old
5.49,Cn1ncc2cc([C@@H]3CN(C(=O)c4ccc(CN)cc4)C[C@H]3c3ccc(C#N)cc3)ccc21,old
5.42,CC(=O)N1CCc2cc(S(=O)(=O)N(CC(=O)N3CCC[C@@H](N)C3)c3ccc(C#N)cc3)ccc21,old
5.94,CCCSc1nc(Sc2ccccn2)c2nnn(C3CCCC3)c2n1,old
5.84,COc1ccc(CN(CC(=O)N2CCC(CN)CC2)c2ccc(C#N)cc2)cc1F,old
5.31,C#CCSc1nc(NNC(N)=O)c(C#N)c(-c2ccc(C(C)C)cc2)n1,old
6.46,N#Cc1ccc(N(CC(=O)N2CCC(CN)CC2)Cc2ccc(Cl)cc2)cc1,old
5.84,Cn1ncnc1COc1cc(C(=O)N2CCC[C@@H](N)C2)nn1-c1ccc(C#N)cc1,old
6.43,Cc1cc(COc2cc(C(=O)N3CCCC(N(C)C)C3)nn2-c2ccc(C#N)cc2)on1,old
5.58,CCCSc1nc(Sc2ccccn2)c2nnn(CCO)c2n1,old
6.17,CCN(CC)C1CCN(C(=O)c2cc(OCc3cc(C)no3)n(-c3ccc(C#N)cc3)n2)C1,old
5.01,CSCC[C@H](NC(=O)[C@@H](NC(=O)[C@H](CCCNC(=N)N)NC(=O)[C@H](C)N)[C@@H](C)O)C(=O)N[C@@H](CCC(N)=O)C(=O)N[C@H](C(=O)N[C@@H](C)C(=O)N[C@@H](CCCNC(=N)N)C(=O)N[C@@H](CCCCN)C(=O)N[C@@H](CO)C(=O)N[C@H](C(=O)NCC(=O)NCC(=O)N[C@@H](CCCCNC(=O)CO)C(=O)N[C@@H](C)C(=O)N1CCC[C@H]1C(=O)N[C@@H](CCCNC(=N)N)C(=O)N[C@@H](CCCCN)C(=O)N[C@@H](CCC(N)=O)C(=O)N[C@@H](CC(C)C)C(N)=O)[C@@H](C)O)[C@@H](C)O,old
5.04,Cc1ccc(S(=O)(=O)N(CC(=O)N2CCC[C@@H](N)C2)c2ccc(C#N)cc2)cc1,old
5.62,Cc1ccc([C@@H]2CN(C(=O)C3CCNCC3)C[C@H]2c2ccc(C#N)cc2)cc1,old
5.43,N#Cc1ccc(N(CC(=O)N2CCC(N)CC2)Cc2ccc(C#N)c(F)c2)cc1,old
6.81,Cc1cc(NNC(N)=S)n2nc(SCc3ccccc3)nc2n1,old
5.17,N[C@H]1C[C@]1(F)c1cccc([N+](=O)[O-])c1,old
6.15,N#Cc1ccc(N(CC(=O)N2CCC(CN)CC2)Cc2cccc(C(N)=O)c2)cc1,old
5.92,Cc1cc(NNC(=O)c2cnccn2)n2nc(SCc3ccccc3)nc2n1,old
6.92,N/C(=N\O)c1cccc(/C=C/c2cc(O)c(O)cc2Br)c1,old
5.02,CC(=O)Nc1ccc(S(=O)(=O)Nc2ccc(C#N)cc2)cc1,old
5.62,N#Cc1ccc(-n2nc(C(=O)N3CCC[C@@H](N)C3)cc2OC[C@H]2CCC(=O)N2)cc1,old
6.43,Cc1ccc([C@@H]2CN(C(=O)C[C@H]3CC[C@@H](N)CC3)C[C@H]2c2ccc(C#N)cc2)cc1,old
6.07,N#Cc1ccc(-n2nc(C(=O)N3CCC[C@@H](N)C3)cc2OCc2ccccn2)cc1,old
5.05,Cc1ccc(S(=O)(=O)N(CC(=O)N[C@@H]2CN3CCC2CC3)c2ccc(C#N)cc2)cc1,old
6.68,CCc1cc(COc2cc(C(=O)N3CCC[C@@H](N)C3)nn2-c2ccc(C#N)cc2)on1,old
6.11,Cc1cc(COc2cc(C(=O)N3CC[C@@H](N)C3)nn2-c2ccc(C#N)cc2)on1,old
5.51,Cn1ncc2cc([C@@H]3CN(C(=O)[C@H]4CC[C@H](N)CC4)C[C@H]3c3ccc(C#N)cc3)ccc21,old
5.28,CNC1CCN(C(=O)CN(c2ccc(C#N)cc2)S(=O)(=O)c2ccc(C)cc2)CC1,old
4.86,Cc1ccc(S(=O)(=O)N(CC(=O)N2CC[C@H](N)C2)c2ccc(C#N)cc2)cc1,old
6.58,COc1ccc(CN(CC(=O)N2CCC3(CC2)CNC3)c2ccc(C#N)cc2)cc1F,old
6.42,Cn1ncc2cc(CN(CC(=O)N3CCC(N)CC3)c3ccc(C#N)cc3)ccc21,old
6.67,Cc1nc(COc2cc(C(=O)N3CCC[C@@H](N)C3)nn2-c2ccc(C#N)cc2)no1,old
7.22,CSCC[C@H](NC(=O)[C@@H](NC(=O)[C@H](CCCNC(=N)N)NC(=O)[C@@H](N)CO)[C@@H](C)O)C(=O)N[C@@H](CCC(N)=O)C(=O)N[C@H](C(=O)N[C@@H](C)C(=O)N[C@@H](CCCNC(=N)N)C(=O)N[C@@H](CCCCN)C(=O)N[C@@H](CO)C(=O)N[C@H](C(=O)NCC(=O)NCC(=O)N[C@@H](CCCCN)C(=O)N[C@@H](C)C(=O)N1CCC[C@H]1C(=O)N[C@@H](CCCNC(=N)N)C(=O)N[C@@H](CCCCN)C(=O)N[C@@H](CCC(N)=O)C(=O)N[C@@H](CC(C)C)C(=O)N[C@@H](CCCCNC(=O)[C@@H](N)CO)C(N)=O)[C@@H](C)O)[C@@H](C)O,old
5.08,N[C@H]1C[C@]1(F)c1cccc(S(F)(F)(F)(F)F)c1,old
4.42,Cc1ccc([C@@H]2C(=O)N([C@H]3CC[C@H](N)CC3)[C@H]2c2ccc(C#N)cc2)cc1,old
6.89,Cc1cc(COc2cc(C(=O)N3CCOC(CN)C3)nn2-c2ccc(C#N)cc2)on1,old
6.31,N/C(=N\O)c1ccc(/C=C/c2ccc(O)c(F)c2)cc1,old
7.01,CSCC[C@H](NC(=O)[C@@H](NC(=O)[C@H](CCCNC(=N)N)NC(=O)[C@H](C)N)[C@@H](C)O)C(=O)N[C@@H](CCC(N)=O)C(=O)N[C@H](C(=O)N[C@@H](C)C(=O)N[C@@H](CCCNC(=N)N)C(=O)N[C@@H](CCCCN)C(=O)N[C@@H](CO)C(=O)N[C@H](C(=O)NCC(=O)NCC(=O)N[C@@H](CCCCN)C(=O)N[C@@H](C)C(=O)N1CCC[C@H]1C(=O)N[C@@H](CCCNC(=N)N)C(=O)N[C@@H](CCCCN)C(=O)N[C@@H](CCC(N)=O)C(=O)N[C@@H](CC(C)C)C(N)=O)[C@@H](C)O)[C@@H](C)O,old
6.24,Cc1ccc([C@@H]2CN(C(=O)CC3CCNCC3)C[C@H]2c2ccc(C#N)cc2)cc1,old
7.38,Cc1cccc(CNc2ccc([C@H]3C[C@@H]3NC3CCC(N)CC3)cn2)c1,old
7.72,NC1CCC(N[C@H]2C[C@@H]2c2ccc(-c3cccc(NS(=O)(=O)N4CCNCC4)c3)cc2)CC1,old
7.29,NC1CCC(N[C@H]2C[C@@H]2c2ccc(Br)cc2)CC1,old
4.51,CC(C)(C)OC(=O)NC1CCC(N[C@H]2C[C@@H]2c2ccccc2)CC1,old
7.03,N[C@H]1CC[C@H](N[C@H]2C[C@@H]2c2ccc(-c3cccc(C(F)(F)F)c3)cc2)CC1,old
7.35,NC1CCCC(N[C@H]2C[C@@H]2c2ccccc2)C1,old
5.88,c1ccc([C@H]2C[C@@H]2NC2CCC(N3CCOCC3)CC2)cc1,old
7.21,N#Cc1ccccc1S(=O)(=O)Nc1cccc(-c2ccc([C@H]3C[C@@H]3NC3CCC(N)CC3)cc2)c1,old
7.18,N[C@@H]1CCN(C2CCC(N[C@H]3C[C@@H]3c3ccccc3)CC2)C1,old
7.48,NC1CCC(N[C@H]2C[C@@H]2c2ccc(OCc3cccc(N4CCNCC4)c3)cc2)CC1,old
6.32,CC(=O)NC1CCC(N[C@H]2C[C@@H]2c2ccc(-c3cccc(C(F)(F)F)c3)nc2)CC1,old
7.08,Cc1ccc(-c2ccc([C@H]3C[C@@H]3NC3CCC(N)CC3)cn2)cc1O,old
7.47,NC1CCC(N[C@H]2C[C@@H]2c2ccc(C3CC3)cc2)CC1,old
5.24,CCNC(=O)NC1CCC(N[C@H]2C[C@@H]2c2ccccc2)CC1,old
7.33,NC1CCC(N[C@H]2C[C@@H]2c2ccc(-c3cccnc3)cc2)CC1,old
7.21,NCC1CCC(N[C@H]2C[C@@H]2c2ccccc2)CC1,old
6.89,N[C@@H]1CCN(C2CCC(N[C@H]3C[C@@H]3c3ccc(-c4cccc(C(F)(F)F)c4)cc3)CC2)C1,old
7.92,NC1CCC(N[C@H]2C[C@@H]2c2ccc(OCc3ccccc3F)cc2)CC1,old
7.03,NC1CCC(N[C@H]2C[C@@H]2c2ccc(OCc3cccnc3)cc2)CC1,old
6.47,OC1CCC(N[C@H]2C[C@@H]2c2ccc(-c3cccc(C(F)(F)F)c3)nc2)CC1,old
7.57,NC1CCC(N[C@H]2C[C@@H]2c2ccc(-c3ccc4cn[nH]c4c3)cc2)CC1,old
6.86,COc1cc(C#N)cc(-c2ccc([C@H]3C[C@@H]3NC3CCC(N)CC3)cn2)c1,old
7.57,COc1ccc(NS(C)(=O)=O)cc1-c1ccc([C@H]2C[C@@H]2NC2CCC(N)CC2)cc1,old
7.17,NC1CC(N[C@H]2C[C@@H]2c2ccccc2)C1,old
7.16,NC1CCC(N[C@H]2C[C@@H]2c2cccnc2)CC1,old
7.15,NC(=O)C1CCC(N[C@H]2C[C@@H]2c2ccc(-c3cccc(C(F)(F)F)c3)nc2)CC1,old
7.4,NC1CCC(N[C@H]2C[C@@H]2c2ccc(OCc3ccccc3)cc2)CC1,old
6.83,CC1(N)CCC(N[C@H]2C[C@@H]2c2ccccc2)CC1,old
7.47,NC1CC(N[C@H]2C[C@@H]2c2ccccc2)c2ccccc21,old
7.32,NC1CCC(N[C@H]2C[C@@H]2c2ccc(-c3cccc(C(F)(F)F)c3)cc2)CC1,old
7.52,Nc1ccc(S(=O)(=O)Nc2cccc(-c3ccc([C@H]4C[C@@H]4NC4CCC(N)CC4)cc3)c2)cn1,old
7.18,CNC1CCC(N[C@H]2C[C@@H]2c2ccccc2)CC1,old
7.27,N#Cc1cccc(Nc2ccc([C@H]3C[C@@H]3NC3CCC(N)CC3)cn2)c1,old
7.66,NC1CCC(N[C@H]2C[C@@H]2c2ccc(-c3ccn[nH]3)cc2)CC1,old
7.07,N[C@H]1CC[C@@H](N[C@H]2C[C@@H]2c2ccc(-c3cccc(C(F)(F)F)c3)cc2)CC1,old
6.48,NC1CCC(N[C@H]2C[C@@H]2c2ccc(-c3cccc(C(F)(F)F)c3)nc2)CC1,old
6.46,CS(=O)(=O)NC1CCC(N[C@H]2C[C@@H]2c2ccc(-c3cccc(C(F)(F)F)c3)nc2)CC1,old
7.28,NC1CCC(N[C@@H]2C[C@@H]2c2ccccc2)CC1,old
7.12,Cl.c1ccc2c(c1)C[C@H]1[C@@H]2[C@@H]1NCC1CCNCC1,old
5.06,Cl.N[C@@H]1[C@H]2Cc3ccccc3[C@H]21,old
7.82,COc1ccc(-n2cc(-c3cccc(N)c3C)c3cc(C#N)ccc32)cc1,old
6.57,Cl.N[C@H]1CC[C@H](N[C@@H]2[C@H]3Cc4ccccc4[C@H]32)CC1,old
5.15,Nc1ccccc1NC(=O)c1ccc(CNC2CC2c2ccccc2)cc1,old
8.4,Cc1cc2c(cc1C#N)c(-c1cccc(N)c1C)cn2[C@H]1C[C@@H](O)C1,old
5.05,Cl.N[C@@H]1[C@@H]2Cc3ccccc3[C@H]12,old
5.19,Cl.N[C@H]1[C@H]2Cc3ccccc3[C@@H]12,old
5.66,O=C(/C=C/c1ccc(CNC2CC2c2ccccc2)cc1)NO,old
7.77,Cl.N[C@H]1CC[C@@H](N[C@@H]2[C@H]3Cc4ccccc4[C@H]32)CC1,old
5.73,Cl.N[C@H]1[C@H]2Cc3cc(-c4ccccc4)ccc3[C@@H]12,old
5.96,Cl.N[C@@H]1[C@H]2Cc3cc(-c4ccc(F)cc4)ccc3[C@H]21,old
8.52,Cc1cc2c(cc1C#N)c(-c1cccc(N)c1C)cn2[C@@H]1CC[C@@H](O)C1,old
6.06,Cl.N[C@@H]1[C@H]2Cc3cc(-c4ccccc4)ccc3[C@H]21,old
5.39,O=C(NO)c1ccc(CNC2CC2c2ccccc2)cc1,old
8.05,COc1ccc(-n2cc(-c3cncc(N)c3C)c3cc(C#N)ccc32)cc1,old
5.39,Cl.N[C@@H]1[C@H]2Cc3cc(Br)ccc3[C@H]21,old
8.54,Cl.N[C@H]1CC[C@H](N[C@H]2[C@H]3Cc4ccccc4[C@H]32)CC1,old
7.68,Cl.c1ccc2c(c1)C[C@@H]1[C@H](NCC3CCNCC3)[C@H]21,old
5.7,Cl.N[C@H]1[C@H]2Cc3cc(-c4ccc(F)cc4)ccc3[C@@H]12,old
6.31,COc1ncccc1CN[C@H]1[C@H]2Cc3ccccc3[C@H]21.Cl,old
5.92,O=C(CCCCCCNC(=O)c1ccc(CNC2(c3ccccc3)CC2)cc1)NO,old
8.52,Cc1cc2c(cc1C#N)c(-c1cccc(N)c1C)cn2[C@H]1CC[C@H](O)CC1,old
5.89,COc1ncccc1CN[C@@H]1[C@H]2Cc3ccccc3[C@H]21.Cl,old
5.23,Cl.N[C@H]1[C@H]2Cc3cc(Br)ccc3[C@@H]12,old
4.6,Cl.Fc1ncccc1CN[C@H]1[C@H]2Cc3ccccc3[C@H]21,old
8.4,CN[C@H]1CC[C@@H](n2cc(-c3cccc(N)c3C)c3cc(C#N)c(C)cc32)CC1,old
5.14,Cl.N[C@H]1[C@@H]2Cc3ccccc3[C@H]12,old
5.41,Nc1ccccc1NC(=O)/C=C/c1ccc(CNC2CC2c2ccccc2)cc1,old
8.26,Cl.N[C@H]1CC[C@@H](N[C@H]2[C@H]3Cc4ccccc4[C@H]32)CC1,old
6.46,C/C(=N\NC(=O)CN[C@@H]1C[C@H]1c1ccc(F)c(F)c1)c1ccc([N+](=O)[O-])cc1,old
6.6,CCN(CC)c1ccc(/C=N/NC(=O)CN[C@@H]2C[C@H]2c2ccc(F)c(F)c2)cc1,old
6.65,C/C(=N\NC(=O)CN[C@@H]1C[C@H]1c1ccc(F)c(F)c1)c1ccc(Cl)cc1,old
7.04,CCN(CC)c1ccc(/C=N/NC(=O)CN[C@@H]2C[C@H]2c2ccc(F)c(F)c2)c(O)c1,old
6.7,C/C(=N\NC(=O)CN[C@@H]1C[C@H]1c1ccc(F)c(F)c1)c1ccccc1,old
6.34,O=C(CN[C@@H]1C[C@H]1c1ccc(F)c(F)c1)N/N=C/c1cc(Cl)ccc1O,old
6.97,CSCC[C@H](NC(=O)[C@@H](NC(=O)[C@H](CCCNC(=N)N)NC(=O)[C@H](C)N)[C@@H](C)O)C(=O)N[C@H]1CCCCNC(=O)CC[C@@H](C(=O)N[C@@H](C)C(=O)NCC(=O)NCC(=O)N[C@@H](CCCCN)C(=O)N[C@@H](C)C(=O)N2CCC[C@H]2C(=O)N[C@@H](CCCNC(=N)N)C(=O)N[C@@H](CCCCN)C(=O)N[C@@H](CCC(N)=O)C(=O)N[C@@H](CC(C)C)C(=O)N[C@@H](C)C(N)=O)NC(=O)[C@H](CCCCN)NC(=O)[C@H](CCCNC(=N)N)NC(=O)[C@H](C)NC(=O)[C@H]([C@@H](C)O)NC1=O,old
6.96,CCOc1cccc(/C=N/NC(=O)CN[C@@H]2C[C@H]2c2ccc(F)c(F)c2)c1O,old
6.05,C/C(=N\NC(=O)CN[C@@H]1C[C@H]1c1ccc(F)c(F)c1)c1cc(Cl)ccc1O,old
6.08,C/C(=N\NC(=O)CN[C@@H]1C[C@H]1c1ccc(F)c(F)c1)c1cc(Br)ccc1O,old
6.44,O=C(CN[C@@H]1C[C@H]1c1ccc(F)c(F)c1)N/N=C/c1ccco1,old
6.65,C/C(=N\NC(=O)CN[C@@H]1C[C@H]1c1ccc(F)c(F)c1)c1ccc(Br)cc1,old
6.2,C/C(=N\NC(=O)CN[C@@H]1C[C@H]1c1ccc(F)c(F)c1)c1ccc(F)cc1,old
6.41,O=C(CN[C@@H]1C[C@H]1c1ccc(F)c(F)c1)N/N=C/c1cc(Br)ccc1O,old
6.46,C/C(=N\NC(=O)CN[C@@H]1C[C@H]1c1ccc(F)c(F)c1)c1cccc(N)c1O,old
7.58,O=C(N/N=C/c1cc(Cl)ccc1O)c1cccc(S(=O)(=O)N2CCOCC2)c1,old
6.65,C/C(=N\NC(=O)CN[C@@H]1C[C@H]1c1ccc(F)c(F)c1)c1ccccc1O,old
6.37,C/C(=N\NC(=O)CN[C@@H]1C[C@H]1c1ccc(F)c(F)c1)c1cccc(N)c1,old
6.74,C[C@H](N)C(=O)N[C@@H](CCCNC(=N)N)C(=O)N[C@H](C(=O)N[C@@H](CCCN[C@@H]1C[C@H]1c1ccccc1)C(=O)N[C@@H](CCC(N)=O)C(=O)N[C@H](C(=O)N[C@@H](C)C(=O)N[C@@H](CCCNC(=N)N)C(=O)N[C@@H](CCCCN)C(=O)N[C@@H](CO)C(=O)N[C@H](C(=O)O)[C@@H](C)O)[C@@H](C)O)[C@@H](C)O,old
6.56,O=C(CN[C@@H]1C[C@H]1c1ccc(F)c(F)c1)N/N=C/c1cccs1,old
6.77,COc1ccc(/C=N/NC(=O)CN[C@@H]2C[C@H]2c2ccc(F)c(F)c2)c(O)c1,old
6.81,C[C@H](N)C(=O)N[C@@H](CCCNC(=N)N)C(=O)N[C@H](C(=O)N[C@@H](CCCCN[C@@H]1C[C@H]1c1ccccc1)C(=O)N[C@@H](CCC(N)=O)C(=O)N[C@H](C(=O)N[C@@H](C)C(=O)N[C@@H](CCCNC(=N)N)C(=O)N[C@@H](CCCCN)C(=O)N[C@@H](CO)C(=O)N[C@H](C(=O)O)[C@@H](C)O)[C@@H](C)O)[C@@H](C)O,old
6.83,C/C(=N\NC(=O)CN[C@@H]1C[C@H]1c1ccc(F)c(F)c1)c1cc(O)ccc1O,old
6.56,C/C(=N\NC(=O)CN[C@@H]1C[C@H]1c1ccc(F)c(F)c1)c1cc(F)ccc1O,old
6.21,O=C1C(CCCCN[C@@H]2C[C@H]2c2ccccc2)C(=O)N(c2ccc(-c3ccccc3)cc2)CCN1Cc1cccc(Cl)c1,old
5.19,CCc1ccc(N2C(=O)NC(=O)/C(=C\c3cc4ccccc4[nH]3)C2=O)cc1,old
5.36,Cc1ccccc1N1C(=O)NC(=O)C(=Cc2cc3ccccc3[nH]2)C1=O,old
5.51,COc1ccc(N2C(=O)NC(=O)C(=Cc3ccc(O)c(O)c3)C2=O)cc1,old
5.55,COc1ccc(C=C2C(=O)NC(=O)N(c3ccc(Br)cc3)C2=O)cc1OC,old
6.12,O=C1NC(=S)N(c2ccc(Br)cc2)C(=O)C1=Cc1ccc(O)c(O)c1,old
5.96,Cc1ccc(N2C(=O)NC(=O)C(=Cc3cc4ccccc4[nH]3)C2=O)cc1,old
6.26,COc1cc(C=C2C(=O)NC(=O)N(c3ccc(Br)cc3)C2=O)cc(OC)c1O,old
5.44,COc1ccc(C=C2C(=O)NC(=O)N(c3ccc(Br)cc3)C2=O)c(OC)c1OC,old
5.92,N#Cc1ccc(N2C(=O)NC(=O)C(=Cc3ccc(O)c(O)c3)C2=O)cc1,old
6.06,COc1cc(C=C2C(=O)NC(=O)N(c3ccc(Br)cc3)C2=O)ccc1O,old
6.52,O=C1NC(=O)N(c2ccc(Br)cc2)C(=O)C1=Cc1ccc(O)c(O)c1,old
4.64,Cc1ccc(N2C(=O)NC(=O)C(=Cc3cccc(O)c3)C2=O)cc1,old
4.74,COc1ccc(N2C(=O)NC(=O)/C(=C\c3ccc(N4CCOCC4)c(F)c3)C2=O)cc1,old
5.44,COc1ccc(C=C2C(=O)NC(=O)N(c3ccc(Br)cc3)C2=O)cc1O,old
6.8,COc1cccc(CN[C@H]2C[C@@H]2c2ccccc2)c1,old
7.19,Cc1ccc(CN[C@H]2C[C@@H]2c2ccccc2)cc1Cl,old
6.94,Fc1ccc(CN[C@H]2C[C@@H]2c2ccccc2)cc1,old
6.19,O=[N+]([O-])c1ccccc1CN[C@H]1C[C@@H]1c1ccccc1,old
6.98,Clc1ccccc1CN[C@H]1C[C@@H]1c1ccccc1,old
7.1,Fc1cc(Br)ccc1CN[C@H]1C[C@@H]1c1ccccc1,old
7.08,Brc1ccc(COc2ccc(CN[C@H]3C[C@@H]3c3ccccc3)cc2)cc1,old
6.83,NS(=O)(=O)c1ccc(CN[C@H]2C[C@@H]2c2ccccc2)cc1,old
7.12,O=[N+]([O-])c1cccc(CN[C@H]2C[C@@H]2c2ccccc2)c1,old
6.49,CC(=O)Nc1ccc(CN[C@H]2C[C@@H]2c2ccccc2)cc1,old
6.81,c1ccc(COc2ccc(CN[C@H]3C[C@@H]3c3ccccc3)cc2)cc1,old
6.93,O=[N+]([O-])c1ccc(N[C@H]2C[C@@H]2c2ccccc2)s1,old
6.91,Clc1cc(Cl)cc(CN[C@H]2C[C@@H]2c2ccccc2)c1,old
7.04,Ic1ccccc1CN[C@H]1C[C@@H]1c1ccccc1,old
6.95,Brc1cccc(CN[C@H]2C[C@@H]2c2ccccc2)c1,old
7.09,Brc1ccc(COc2cccc(CN[C@H]3C[C@@H]3c3ccccc3)c2)cc1,old
7.05,Cc1ccc(-c2ncc(OCC3CCNC3)cc2-c2ccc(C#N)cc2)cc1,old
6.92,c1ccc(-c2ccc(CN[C@H]3C[C@@H]3c3ccccc3)cc2)cc1,old
6.09,CC(C)(C)c1ccc(CN[C@H]2C[C@@H]2c2ccccc2)cc1,old
5.43,N[C@H]1C[C@@H]1c1ccc(Br)cc1,old
7.18,COc1ccccc1CN[C@H]1C[C@@H]1c1ccccc1,old
7.45,O=[N+]([O-])c1cc(CN[C@H]2C[C@@H]2c2ccccc2)ccc1Cl,old
6.96,COc1ccc(CN[C@H]2C[C@@H]2c2ccccc2)cc1OC,old
7,Fc1ccc(CN[C@H]2C[C@@H]2c2ccccc2)cc1F,old
7.02,Clc1ccc(CN[C@@H]2C[C@H]2c2ccccc2)cc1,old
6.93,Fc1ccccc1CN[C@H]1C[C@@H]1c1ccccc1,old
7.04,NC(=O)c1cccc(CN[C@H]2C[C@@H]2c2ccccc2)c1,old
7.18,c1ccc(COc2cccc(CN[C@H]3C[C@@H]3c3ccccc3)c2)cc1,old
6.56,CCc1ccc(CN[C@H]2C[C@@H]2c2ccccc2)cc1,old
7,COc1ccc(CN[C@H]2C[C@@H]2c2ccccc2)cc1,old
6.73,CNS(=O)(=O)c1ccc(CN[C@H]2C[C@@H]2c2ccccc2)cc1,old
7.06,Clc1ccc(CN[C@H]2C[C@@H]2c2ccccc2)cc1,old
7.7,N[C@H]1C[C@@H]1c1ccc(-c2cccc(O)c2)cc1,old
6.53,Brc1ccc(CN[C@H]2C[C@@H]2c2ccccc2)cc1,old
6.95,O=[N+]([O-])c1cccc(CN[C@@H]2C[C@H]2c2ccccc2)c1,old
6.69,Clc1ccc(CN[C@H]2C[C@@H]2c2ccccc2)c(Cl)c1,old
7.09,COc1ncccc1CN[C@H]1C[C@@H]1c1ccccc1,old
7.05,CCC(=C(c1ccc(OCCN(C)C)cc1)c1ccc(C(=O)N(C)CCN(C)[C@H]2C[C@@H]2c2ccccc2)cc1)c1ccccc1,old
6.69,c1ccc([C@H]2C[C@@H]2NCc2cccnc2)cc1,old
7.22,c1ccc(-c2cccc(CN[C@H]3C[C@@H]3c3ccccc3)c2)cc1,old
6.38,CN(C)c1ccc(CN[C@H]2C[C@@H]2c2ccccc2)cc1,old
7.16,Cn1c(CN[C@H]2C[C@@H]2c2ccccc2)cc2ccccc21,old
6.8,O=[N+]([O-])c1ccc(N[C@H]2C[C@@H]2c2ccccc2)o1,old
6.96,Fc1cccc(CN[C@H]2C[C@@H]2c2ccccc2)c1,old
7.02,Brc1ccccc1CN[C@H]1C[C@@H]1c1ccccc1,old
6.71,NC(=O)c1ccc(CN[C@H]2C[C@@H]2c2ccccc2)cc1,old
6.54,CC(C)C[C@@H](NC(=O)[C@@H](CCCNN)NC(=O)[C@@H](CO)NC(=O)[C@@H](CCCNC(=N)N)NC(=O)[C@H]1CCCN1)C(=O)N[C@@H](C(=O)N[C@H](CCCNC(=N)N)C(=O)N[C@@H](CCCCNC(=O)COCCOCCNC(=O)[C@@H](CCCNC(=N)N)NC(=O)[C@@H](CCCNC(=N)N)NC(=O)[C@@H](CCCNC(=N)N)NC(=O)[C@@H](CCCNC(=N)N)NC(=O)[C@@H](CCCNC(=N)N)NC(=O)[C@@H](CCCNC(=N)N)NC(=O)[C@@H](CCCNC(=N)N)NC(=O)[C@@H](N)CCCNC(=N)N)C(=O)N1CCC[C@H]1C(=O)N[C@@H](CO)C(=O)N[C@@H](CC(=O)O)C(=O)N1CCC[C@H]1C(=O)N[C@@H](CC(N)=O)C(=O)N[C@@H](CCCNC(=N)N)C(=O)N[C@@H](CCCCN)C(=O)N1CCC[C@H]1C(=O)N[C@H](CC(N)=O)C(=O)N[C@@H](Cc1ccc(O)cc1)C(=O)N[C@@H](CO)C(=O)N[C@@H](CCC(N)=O)C(N)=O)C(C)C,old
6.36,CC(C)C[C@@H](NC(=O)[C@@H](CCCNN)NC(=O)[C@@H](CO)NC(=O)[C@H](CCCNC(=N)N)NC(=O)[C@@H]1CCCN1)C(=O)N[C@@H](C(=O)N[C@H](CCCNC(=N)N)C(=O)N[C@H](CCCCN)C(=O)N1CCC[C@@H]1C(=O)N[C@H](CO)C(=O)N[C@H](CC(=O)O)C(=O)N1CCC[C@@H]1C(=O)N[C@H](CC(N)=O)C(=O)N[C@H](CCCNC(=N)N)C(=O)N[C@H](CCCCN)C(=O)N1CCC[C@@H]1C(=O)N[C@@H](CC(N)=O)C(=O)N[C@H](Cc1ccc(O)cc1)C(=O)N[C@H](CO)C(=O)N[C@H](CCC(N)=O)C(N)=O)C(C)C,old
4.77,C#CCN(C)CCC[C@@H](NC(=O)[C@@H](CO)NC(=O)[C@H](CCCNC(=N)N)NC(=O)[C@@H]1CCCN1)C(=O)N[C@H](CC(C)C)C(=O)N[C@@H](C(=O)N[C@H](CCCNC(=N)N)C(=O)N[C@H](CCCCN)C(=O)N1CCC[C@@H]1C(=O)N[C@H](CO)C(=O)N[C@H](CC(=O)O)C(=O)N1CCC[C@@H]1C(=O)N[C@H](CC(N)=O)C(=O)N[C@H](CCCNC(=N)N)C(=O)N[C@H](CCCCN)C(=O)N1CCC[C@@H]1C(=O)N[C@@H](CC(N)=O)C(=O)N[C@H](Cc1ccc(O)cc1)C(=O)N[C@H](CO)C(=O)N[C@H](CCC(N)=O)C(N)=O)C(C)C,old
6.49,CC(C)C[C@@H](NC(=O)[C@@H](CCCNN)NC(=O)[C@@H](CO)NC(=O)[C@H](CCCNC(=N)N)NC(=O)[C@@H]1CCCN1)C(=O)N[C@@H](C(=O)N[C@H](CCCNC(=N)N)C(=O)N[C@H](CCCCN)C(=O)N1CCC[C@@H]1C(=O)N[C@@H](CO)C(=O)N[C@@H](CC(=O)O)C(=O)N1CCC[C@H]1C(=O)N[C@@H](CC(N)=O)C(=O)N[C@@H](CCCNC(=N)N)C(=O)N[C@H](CCCCNC(=O)[C@H](CCCNC(=N)N)NC(=O)[C@H](CCCNC(=N)N)NC(=O)[C@H](CCCNC(=N)N)NC(=O)[C@H](CCCNC(=N)N)NC(=O)[C@H](CCCNC(=N)N)NC(=O)[C@H](CCCNC(=N)N)NC(=O)[C@H](CCCNC(=N)N)NC(=O)[C@H](N)CCCNC(=N)N)C(=O)N1CCC[C@H]1C(=O)N[C@H](CC(N)=O)C(=O)N[C@@H](Cc1ccc(O)cc1)C(=O)N[C@@H](CO)C(=O)N[C@@H](CCC(N)=O)C(N)=O)C(C)C,old
4.4,C#CCN(CCC[C@H](NC(=O)[C@H](CO)NC(=O)[C@@H](CCCNC(=N)N)NC(=O)[C@H]1CCCN1)C(=O)N[C@@H](CC(C)C)C(=O)N[C@H](C(=O)N[C@@H](CCCNC(=N)N)C(=O)N[C@@H](CCCCN)C(=O)N1CCC[C@H]1C(=O)N[C@H](CO)C(=O)N[C@H](CC(=O)O)C(=O)N1CCC[C@@H]1C(=O)N[C@H](CC(N)=O)C(=O)N[C@H](CCCNC(=N)N)C(=O)N[C@H](CCCCN)C(=O)N1CCC[C@@H]1C(=O)N[C@@H](CC(N)=O)C(=O)N[C@H](Cc1ccc(O)cc1)C(=O)N[C@H](CO)C(=O)N[C@H](CCC(N)=O)C(N)=O)C(C)C)Cc1ccccc1,old
6.55,CC(C)C[C@H](NC(=O)[C@H](CCCNN)NC(=O)[C@H](CO)NC(=O)[C@@H](CCCNC(=N)N)NC(=O)[C@H]1CCCN1)C(=O)N[C@H](C(=O)N[C@@H](CCCNC(=N)N)C(=O)N[C@@H](CCCCNC(=O)[C@@H](CCCNC(=N)N)NC(=O)[C@@H](CCCNC(=N)N)NC(=O)[C@@H](CCCNC(=N)N)NC(=O)[C@@H](CCCNC(=N)N)NC(=O)[C@@H](CCCNC(=N)N)NC(=O)[C@@H](CCCNC(=N)N)NC(=O)[C@@H](CCCNC(=N)N)NC(=O)[C@@H](N)CCCNC(=N)N)C(=O)N1CCC[C@H]1C(=O)N[C@@H](CO)C(=O)N[C@@H](CC(=O)O)C(=O)N1CCC[C@H]1C(=O)N[C@@H](CC(N)=O)C(=O)N[C@@H](CCCNC(=N)N)C(=O)N[C@@H](CCCCN)C(=O)N1CCC[C@H]1C(=O)N[C@H](CC(N)=O)C(=O)N[C@@H](Cc1ccc(O)cc1)C(=O)N[C@@H](CO)C(=O)N[C@@H](CCC(N)=O)C(N)=O)C(C)C,old
4.2,CC(C)C[C@H](NC(=O)[C@H](CCCCN[C@H]1C[C@@H]1c1ccccc1)NC(=O)[C@H](CO)NC(=O)[C@H](CCCNC(=N)N)NC(=O)[C@@H]1CCCN1)C(=O)N[C@H](C(=O)N[C@@H](CCCNC(=N)N)C(=O)N[C@@H](CCCCN)C(=O)N1CCC[C@H]1C(=O)N[C@H](CO)C(=O)N[C@H](CC(=O)O)C(=O)N1CCC[C@@H]1C(=O)N[C@H](CC(N)=O)C(=O)N[C@H](CCCNC(=N)N)C(=O)N[C@H](CCCCN)C(=O)N1CCC[C@@H]1C(=O)N[C@@H](CC(N)=O)C(=O)N[C@H](Cc1ccc(O)cc1)C(=O)N[C@H](CO)C(=O)N[C@H](CCC(N)=O)C(N)=O)C(C)C,old
5.08,CNNCCC[C@@H](NC(=O)[C@@H](CO)NC(=O)[C@H](CCCNC(=N)N)NC(=O)[C@@H]1CCCN1)C(=O)N[C@H](CC(C)C)C(=O)N[C@@H](C(=O)N[C@H](CCCNC(=N)N)C(=O)N[C@H](CCCCN)C(=O)N1CCC[C@@H]1C(=O)N[C@H](CO)C(=O)N[C@H](CC(=O)O)C(=O)N1CCC[C@@H]1C(=O)N[C@H](CC(N)=O)C(=O)N[C@H](CCCNC(=N)N)C(=O)N[C@H](CCCCN)C(=O)N1CCC[C@@H]1C(=O)N[C@@H](CC(N)=O)C(=O)N[C@H](Cc1ccc(O)cc1)C(=O)N[C@H](CO)C(=O)N[C@H](CCC(N)=O)C(N)=O)C(C)C,old
7.62,c1ccc([C@@H]2C[C@H]2NC2CCNCC2)cc1,old
5.38,O=C(O)c1cc(N2N=C(C(F)(F)F)/C(=C/c3ccc(-c4ccccc4)o3)C2=O)ccc1Cl,old
5.54,N/C(=N\O)c1cccc(/C=C/c2ccnc(-c3cc(F)ccc3O)c2)c1,old
8.85,O=C(N/N=C1\CCc2cccc(O)c21)c1cccc(S(=O)(=O)N2CCOCC2)c1,old
4.23,NC(=O)c1ccc(N2CCC(Cc3nnc(CO)n3-c3ccccc3)CC2)nc1,old
7.26,COc1ccc(-n2c(-c3ccc(C#N)c(F)c3)nc(C(=O)N3CC(CN)C3)c2C)cc1F,old
6.91,FC(F)(F)Cc1cc2c(N[C@H]3CC[C@@H](N[C@@H]4C[C@H]4c4ccccc4)CC3)ncnc2s1,old
7.11,COc1ccc(-n2c(-c3ccc(C#N)c(F)c3)nc(C(=O)N3CC[C@@H](N)C3)c2C)cc1F,old
4.75,Cc1cc(NN)n2nc(SCC(=O)c3ccccc3)nc2n1,old
5.08,C=C1C(=O)OCC1C(O)c1cn(Cc2nccc(OCCCOC)c2C)c2ccc(Cl)cc12,old
7.44,COc1ccc(-n2c(-c3ccc(C#N)c(F)c3)nc(C(=O)N3CCC[C@@H](N)C3)c2C)cc1F,old
5.53,Nc1ccc(/C=C/c2ccnc(-c3ccccc3O)c2)cc1,old
5.07,Cl.O=C(/C=C/c1cccc(O)c1)Nc1cccc(OCC2CCNCC2)c1,old
5.21,Cc1ccc(CSc2nc3nc(C)cc(NN)n3n2)cc1,old
6.62,Fc1ccc([C@@H]2C[C@H]2NC2CCN(c3ncnc4sc(CC(F)(F)F)cc34)CC2)cc1F,old
7.26,COc1ccc(-n2c(-c3ccc(C#N)c(F)c3)nc(C(=O)N3CCC[C@H](N)C3)c2C)cc1F,old
4.76,COc1ccc(CSc2nc3nc(C)cc(Nc4ccc(N5CCN(C)CC5)cc4)n3n2)cc1,old
4.49,Cc1cc(Nc2ccc(N3CCN(C)CC3)cc2)n2nc(SCc3ccc([N+](=O)[O-])cc3)nc2n1,old
6.67,FC(F)(F)Cc1cc2c(N3CCC(N[C@@H]4C[C@H]4c4ccccc4)CC3)ncnc2s1,old
4.05,O=C(CCn1cncn1)N1CCC(C2=NN=C(c3ccccc3Cl)C2)CC1,old
5.09,Cc1cc(NN)n2nc(SCc3ccc(F)cc3)nc2n1,old
4.5,Cc1cc(Nc2ccc(N3CCN(C)CC3)cc2)n2ncnc2n1,old
5.21,COc1cc(/C=C/C(=O)Nc2ccc(CCC(=O)NO)cc2)ccc1O,old
5.04,Nc1ccc(/C=C/c2ccnc(-c3cc(F)ccc3O)c2)cc1,old
8.13,CN[C@H]1CCN(C(=O)c2nc(-c3ccc(C#N)c(F)c3)n(-c3ccc4nn(C)c(Cl)c4c3)c2C)C1,old
5.02,C=C1C(=O)OCC1C(O)c1cn(Cc2ccc(Cl)cc2)c2ccccc12,old
4.93,Nc1cccc(/C=C/c2ccnc(-c3cc(F)ccc3O)c2)c1,old
4.69,C=C1C(=O)OCC1C(O)c1cn(Cc2ccccc2)c2ccccc12,old
6.73,FC(F)(F)Cc1cc2c(N[C@H]3CC[C@H](N[C@H]4C[C@@H]4c4ccccc4)CC3)ncnc2s1,old
4.91,Cc1cc(Nc2ccc(N3CCN(C)CC3)cc2)n2nc(SCc3ccccc3)nc2n1,old
7.84,COc1ccc(-n2c(-c3ccc(C#N)c(F)c3)nc(C(=O)N3CCC[C@@H](N)C3)c2C)cc1,old
4.09,CCCn1c(SCC(=O)Nc2ccc([N+](=O)[O-])cc2Cl)nc2c1c(=O)[nH]c(=O)n2C,old
4.72,Cc1ccc(C(c2c(C)[nH]c3ccccc23)c2c(C)[nH]c3ccccc23)o1,old
6.68,O=C(CCC1NC(=O)NC1=O)NCCc1c[nH]c2ccccc12,old
7.82,Cc1c(C(=O)N2CCC[C@@H](N)C2)nc(-c2ccc(C#N)c(F)c2)n1-c1ccc2c(cnn2C)c1,old
4.94,COc1cc(/C=C/C(=O)Nc2ccc(CCC(=O)O)cc2)ccc1O,old
4.67,Cc1cc(Nc2ccc(N3CCN(C)CC3)cc2)n2nc(SCc3ccc(Cl)c(F)c3)nc2n1,old
6.44,N/C(=N\O)c1cccc(/C=C/c2ccnc(-c3ccccc3O)c2)c1,old
7.87,COc1ccc(-n2c(-c3ccc(C#N)c(F)c3)nc(C(=O)N[C@@H]3CCCNC3)c2C)cc1F,old
8.12,Cc1c(C(=O)N2CCC[C@@H](N)C2)nc(-c2ccc(C#N)c(F)c2)n1-c1ccc2nn(C)c(Cl)c2c1,old
5.74,COc1cc(/C=C/C(=O)Nc2cccc(OCC3CCNCC3)c2)ccc1O.Cl,old
5.85,COc1cc(/C=C/C(=O)Nc2ccc(CC(=O)NN)cc2)ccc1O,old
4.83,C#CCSc1nc2nc(C)cc(Nc3ccc(N4CCN(C)CC4)cc3)n2n1,old
7.52,Cc1c(C(=O)N2CC[C@H](N(C)C)C2)nc(-c2ccc(C#N)c(F)c2)n1-c1cc2cn(C)nc2cc1F,old
7.72,COc1ccc(-n2c(-c3ccc(C#N)c(F)c3)nc(C(=O)N3CC[C@H](N)C3)c2C)cc1F,old
8.77,O=C(N/N=C1\CCc2c(Cl)ccc(O)c21)c1cccc(S(=O)(=O)N2CCOCC2)c1,old
4.6,Cc1cc(NN)n2nc(SCCCc3ccccc3)nc2n1,old
5.24,COc1cc(/C=C/C(=O)Nc2ccc(CC(=O)NO)cc2)ccc1O,old
5.63,Cc1cc(NN)n2nc(SCc3ccc(C(F)(F)F)cc3)nc2n1,old
5.23,C=C1C(=O)OCC1C(O)c1cn(Cc2ccc(Cl)nc2)c2ccccc12,old
4.59,Cc1ccc(CSc2nc3nc(C)cc(Nc4ccc(N5CCN(C)CC5)cc4)n3n2)cc1,old
5.09,C=CCSc1nc2nc(C)cc(NN)n2n1,old
4.42,CCc1cc(Nc2ccc(N3CCN(C)CC3)cc2)n2ncnc2n1,old
4.79,Cc1cc(Nc2ccc(N3CCN(C)CC3)cc2)n2nc(SCc3csc4ccc(Cl)cc34)nc2n1,old
4.55,Cc1cc(Nc2ccc(N3CCN(C)CC3)cc2)n2nc(SCCc3ccccc3)nc2n1,old
4.64,Cc1cc(Nc2ccc(N3CCN(C)CC3)cc2)n2nc(SCc3ccc(Br)cc3)nc2n1,old
5.59,COc1cc(/C=C/C(=O)Nc2ccc(C(=O)NO)cc2)ccc1O,old
5.4,COc1cc(/C=C/C(=O)Nc2ccc(NC(=N)N)cc2)ccc1O,old
5.32,COc1ccc([C@@H]2CC(=O)c3c(O)cc(O[C@@H]4O[C@H](CO)[C@@H](O)[C@H](O)[C@H]4O)cc3O2)cc1O,old
6.52,Nc1cccc(/C=C/c2ccc(O)c(-c3ccccn3)c2)c1,old
5.85,COc1cc(/C=C/C(=O)Nc2cccc(COc3ccc(OC4CCNCC4)cc3)c2)ccc1O.Cl,old
6.14,N/C(=N\O)c1cccc(/C=C/c2ccc(O)c(-c3ccccn3)c2)c1,old
5.05,CCCn1c(SCc2cccc(C)c2)nc2c1c(=O)[nH]c(=O)n2C,old
4.85,Cc1cc(Nc2ccc(N3CCN(C)CC3)cc2)n2nc(SCc3ccc(C(F)(F)F)cc3)nc2n1,old
5.21,COc1cc(/C=C/C(=O)Nc2ccccc2O)ccc1O,old
4.11,Cc1ccc(NC(=O)CCC(=O)c2c[nH]c3ccccc23)cc1,old
7.46,COc1ccc(-n2c(-c3ccc(C#N)c(F)c3)nc(C(=O)N[C@H]3CCCNC3)c2C)cc1F,old
4.7,Cc1cc(Nc2ccc(N3CCN(C)CC3)cc2)n2nc(SCc3c(Cl)cccc3Cl)nc2n1,old
4.85,CCCn1c(SCc2ccc(F)cc2)nc2c1c(=O)[nH]c(=O)n2C,old
6.1,Cl.O=C(/C=C/c1ccc(O)cc1)Nc1cccc(OCC2CCNCC2)c1,old
4.81,COc1ccc(CSc2nc3nc(C)cc(NN)n3n2)cc1,old
4.99,COc1cc(/C=C/C(=O)Nc2ccc(CC(N)=O)cc2)ccc1O,old
4.65,CC(C)c1cc(NN)n2nc(SCc3ccccc3)nc2n1,old
5.75,C=C1C(=O)OCC1C(O)c1cn(S(=O)(=O)c2ccc(C)cc2)c2ccc(Cl)cc12,old
4.18,Clc1ccc(C2CN(c3ccccc3)N=C2c2ccco2)cc1,old
4.3,Cl.O=C(/C=C/c1ccccc1O)Nc1cccc(OCC2CCNCC2)c1,old
6.52,FC(F)(F)Cc1cc2c(N[C@H]3CC[C@H](N[C@@H]4C[C@H]4c4ccccc4)CC3)ncnc2s1,old
5.37,Oc1cccc(/C=C/c2ccc(O)c(-c3ccccn3)c2)c1,old
5.76,Cc1cc(Nc2ccc(N3CCN(C)CC3)cc2)n2nc(SCc3nc4ccccc4[nH]3)nc2n1,old
4.29,CCOC(=O)c1c2c(n(C)c1CO)C(=O)C(=O)c1ccc(Br)cc1-2,old
5.02,Nc1ccc(/C=C/c2ccc(O)c(-c3ncccn3)c2)cc1,old
4.72,COc1ccc([C@@H]2CC(=O)c3c(O)cc(O[C@@H]4O[C@H](CO[C@@H]5O[C@@H](C)[C@H](O)[C@@H](O)[C@H]5O)[C@@H](O)[C@H](O)[C@H]4O)cc3O2)cc1O,old
7.6,Cc1c(C(=O)N2CC[C@H](N(C)C)C2)nc(-c2ccc(C#N)c(F)c2)n1-c1ccc2nn(C)cc2c1,old
6.12,N/C(=N\O)c1ccc(/C=C/c2ccnc(-c3ccccc3O)c2)cc1,old
7.44,CN[C@H]1CCN(C(=O)c2nc(-c3ccc(C#N)c(F)c3)n(-c3cc4cn(C)nc4cc3F)c2C)C1,old
7.55,Cc1c(C(=O)N2CC[C@H](N(C)C)C2)nc(-c2ccc(C#N)c(F)c2)n1-c1cc(F)c2nn(C)cc2c1,old
4.53,Cc1cc(Nc2ccc(N3CCN(C)CC3)cc2)n2nc(SCc3cccc(Br)c3)nc2n1,old
5.45,Nc1ccc(/C=C/c2ccc(O)c(-c3ccccn3)c2)cc1,old
6.96,FC(F)(F)Cc1cc2c(N[C@H]3CC[C@H](CN[C@@H]4C[C@H]4c4ccccc4)CC3)ncnc2s1,old
5.35,COc1cc(/C=C/C(=O)Nc2ccc(N)cc2)ccc1O,old
8.35,CN[C@@H]1CCCN(C(=O)c2nc(-c3ccc(C#N)c(F)c3)n(-c3ccc4nn(C)c(Cl)c4c3)c2C)C1,old
6.16,FC(F)(F)Cc1cc2c(N3CCC(N[C@H]4C[C@@H]4c4ccccc4)CC3)ncnc2s1,old
5.29,C#CCSc1nc2nc(C)cc(NN)n2n1,old
7.03,COc1ccc(-n2c(-c3ccc(C#N)c(F)c3)nc(C(=O)N3CCC[C@@H](N)C3)c2C)cn1,old
5.05,C=C1C(=O)OCC1C(O)c1cn(Cc2ccccc2C(F)(F)F)c2ccccc12,old
4.61,Cc1cc(Nc2ccc(N3CCN(C)CC3)cc2)n2nc(SCC3CCCCC3)nc2n1,old
4.67,Cc1cc(NN)n2nc(SCc3cccc(C(F)(F)F)c3)nc2n1,old
5.79,Cc1cc(NN)n2nc(SCc3csc4ccc(Cl)cc34)nc2n1,old
6.62,FC(F)(F)Cc1cc2c(N[C@H]3CC[C@@H](N[C@H]4C[C@@H]4c4ccccc4)CC3)ncnc2s1,old
7.16,Cc1c(C(=O)N2CCC[C@@H](N)C2)nc(-c2ccc(C#N)c(F)c2)n1-c1ccc(C2CC2)nc1,old
5.25,COc1cc(/C=C/C(=O)Nc2ccc(O)cc2)ccc1O,old
4.91,Cc1cc(NN)n2nc(SCc3ccc([N+](=O)[O-])cc3)nc2n1,old
4.73,Cc1cc(Nc2ccc(N3CCN(C)CC3)cc2)n2nc(SCc3ccc(F)cc3)nc2n1,old
7.18,Fc1ccc([C@@H]2C[C@H]2N[C@H]2CC[C@@H](Nc3ncnc4sc(CC(F)(F)F)cc34)CC2)cc1F,old
5.23,COCc1cccc(NC(=O)/C=C/c2ccc(O)c(OC)c2)c1,old
7.55,Cc1c(C(=O)N2CCC[C@@H](N)C2)nc(-c2ccc(C#N)c(F)c2)n1-c1ccc2nn(C)cc2c1,old
4.88,Cc1cc(NN)n2nc(SCc3ccccc3C(F)(F)F)nc2n1,old
4.55,CCCSc1nc2nc(C)cc(Nc3ccc(N4CCN(C)CC4)cc3)n2n1,old
8.04,CN1CCN(S(=O)(=O)c2cccc(C(=O)N/N=C3\CCc4c(Cl)ccc(O)c43)c2)CC1,old
5.22,COc1cc(/C=C/C(=O)Nc2cccc(N)c2)ccc1O,old
4.68,Cc1cc(Nc2ccc(N3CCN(C)CC3)cc2)n2nc(SCc3ccccc3Br)nc2n1,old
5.23,C=C1C(=O)OCC1C(O)c1cn(Cc2ccccc2F)c2ccccc12,old
5.35,C=C1C(=O)OCC1C(O)c1cn(Cc2ccc(F)cc2)c2ccccc12,old
8.34,CN1CCCN(S(=O)(=O)c2cccc(C(=O)N/N=C3\CCc4c(Cl)ccc(O)c43)c2)CC1,old
5.54,CCN(CC)S(=O)(=O)c1cccc(C(=O)N/N=C2\CCc3cccc(O)c32)c1,old
7.84,Cc1c(C(=O)N2CC[C@H](N)C2)nc(-c2ccc(C#N)c(F)c2)n1-c1ccc2nn(C)cc2c1,old
5.31,COc1cc(/C=C/C(=O)Nc2ccccc2F)ccc1O,old
4.72,Cc1cc(NN)n2nc(SCC3CC3)nc2n1,old
8.64,CN1CCCN(S(=O)(=O)c2cccc(C(=O)N/N=C3\CCc4cccc(O)c43)c2)CC1,old
6.73,FC(F)(F)Cc1cc2c(N[C@H]3CC[C@H](CN[C@H]4C[C@@H]4c4ccccc4)CC3)ncnc2s1,old
5.91,C=C1C(=O)OCC1C(O)c1cn(Cc2ccc(F)cc2)c2ccc(Cl)cc12,old
4.28,CCCn1c(SCc2ccc(C(C)(C)C)cc2)nc2c1c(=O)[nH]c(=O)n2C,old
5.83,Nc1cccc(/C=C/c2ccc(O)c(-c3cc(O)ccn3)c2)c1,old
4.59,CCCSc1nc2nc(C)cc(NN)n2n1,old
6.44,Fc1ccc([C@@H]2C[C@H]2NC[C@H]2CC[C@H](Nc3ncnc4sc(CC(F)(F)F)cc34)CC2)cc1F,old
4.92,COc1cc(/C=C/C(=O)Nc2ccc(C(N)=O)cc2)ccc1O,old
5.12,O=C1C(=O)N(CN2CCC(Cc3ccccc3)CC2)c2ccc([N+](=O)[O-])cc21,old
7.04,COc1ccc(-n2c(-c3ccc(C#N)c(F)c3)nc(C(=O)N[C@H]3CCNC3)c2C)cc1F,old
4.59,Cc1cc(Nc2ccc(N3CCN(C)CC3)cc2)n2nc(SCc3ccc(F)c(Cl)c3)nc2n1,old
6.04,N/C(=N\O)c1ccc(/C=C/c2ccc(O)c(-c3ncccn3)c2)cc1,old
7.47,Cc1ccc(-n2c(-c3ccc(C#N)cc3)nc(C(=O)N3CCC[C@@H](N)C3)c2C)cc1,old
7.21,FC(F)(F)Cc1cc2c(N3CCC(CN[C@H]4C[C@@H]4c4ccccc4)CC3)ncnc2s1,old
5.23,Cc1cc(NN)n2nc(SCc3ccc(Cl)cc3)nc2n1,old
6.07,Nc1cccc(/C=C/c2ccc(O)c(-c3ncccn3)c2)c1,old
4.52,C=CCSc1nc2nc(C)cc(Nc3ccc(N4CCN(C)CC4)cc3)n2n1,old
4.71,Cc1cc(NN)n2nc(SCc3c(Cl)cccc3Cl)nc2n1,old
4.64,Cc1cc(Nc2ccc(N3CCN(C)CC3)cc2)n2nc(SCc3ccc(Cl)cc3)nc2n1,old
4.95,Cc1cc(NN)n2nc(SCc3ccccc3Br)nc2n1,old
7.07,FC(F)(F)Cc1cc2c(N3CCC(CN[C@@H]4C[C@H]4c4ccccc4)CC3)ncnc2s1,old
5.05,CCCn1c(SCc2cccc(F)c2)nc2c1c(=O)[nH]c(=O)n2C,old
7.21,COc1ccc(-n2c(-c3ccc(C#N)c(F)c3)nc(C(=O)NC3CCNCC3)c2C)cc1F,old
4.47,Cl.O=C(/C=C/c1cccc(Br)c1)Nc1cccc(OCC2CCNCC2)c1,old
5.55,COc1cc(/C=C/C(=O)Nc2ccccc2COc2ccc(OC3CCNCC3)cc2)ccc1O.Cl,old
5.89,N/C(=N\O)c1cccc(/C=C/c2ccc(O)c(-c3ncccn3)c2)c1,old
8.31,CN1CCN(S(=O)(=O)c2cccc(C(=O)N/N=C3\CCc4cccc(O)c43)c2)CC1,old
4.76,Cc1cc(C(=O)N2CCC(Cc3cccc(C(N)=O)c3)C2)nc2[nH][nH]c(=O)c12,old
5.11,COc1cc(/C=C/C(=O)Nc2ccc(CCC(=O)NN)cc2)ccc1O,old
4.59,NNc1c2c(nc3nc(SCc4ccccc4)nn13)CCC2,old
6.83,Fc1ccc([C@@H]2C[C@H]2N[C@H]2CC[C@H](Nc3ncnc4sc(CC(F)(F)F)cc34)CC2)cc1F,old
4.81,Cc1cc(NN)n2nc(SCCc3ccccc3)nc2n1,old
5.18,C=C1C(=O)OCC1C(O)c1cn(Cc2ccc(Cl)c(Cl)c2)c2ccccc12,old
7.11,COc1ccc(-n2c(-c3ccc(C#N)c(F)c3)nc(C(=O)N[C@@H]3CCNC3)c2C)cc1F,old
5.08,C=C1C(=O)OCC1C(O)c1cn(Cc2ccc(Cl)nc2)c2ccc(Cl)cc12,old
7.95,Cl.Cl.N[C@H]1CC[C@H](N[C@@H]2C[C@H]2c2ccccc2)CC1,old
6.6,Fc1ccc([C@@H]2C[C@H]2NCC2CCN(c3ncnc4sc(CC(F)(F)F)cc34)CC2)cc1F,old
5.53,COc1c(O[C@@H]2O[C@H](C(=O)O)[C@@H](O)[C@H](O)[C@H]2O)cc(O)c2c(=O)cc(-c3ccccc3)oc12,old
5.17,N[C@H]1C[C@]1(F)c1ccc(Cl)cc1,old
5.68,N[C@H]1C[C@]1(F)c1ccc(C(F)(F)F)cc1,old
5.45,O=C(O)[C@H]1O[C@@H](Oc2cc3oc(-c4ccccc4)cc(=O)c3c(O)c2O)[C@H](O)[C@@H](O)[C@@H]1O,old
4.66,COc1ccc(-c2cc(=O)c3c(O)cc(O[C@@H]4O[C@H](CO)[C@@H](O)[C@H](O)[C@H]4O)cc3o2)cc1O,old
6.49,c1ccc(CN[C@H]2C[C@@H]2c2ccccc2)cc1,old
4.19,COc1ccc(-c2oc3c(CC=C(C)C)c(O)cc(O)c3c(=O)c2O)cc1,old
5.9,O=c1c(O)c(-c2ccc(O)c(O)c2)oc2cc(O)cc(O)c12,old
4.58,COc1ccc(-c2oc3c(CC=C(C)C)c(O[C@@H]4O[C@H](CO)[C@@H](O)[C@H](O)[C@H]4O)cc(O)c3c(=O)c2O[C@@H]2O[C@@H](C)[C@H](O)[C@@H](O)[C@H]2O)cc1,old
4.78,COc1ccc(-c2oc3c(CC=C(C)C)c(O)cc(O)c3c(=O)c2O[C@@H]2O[C@@H](C)[C@H](O)[C@@H](O)[C@H]2O)cc1,old
4.9,O=c1cc(-c2ccccc2)oc2cc(O)c(O)c(O)c12,old
4.55,COc1ccc(-c2cc(=O)c3c(O)cc(O)cc3o2)cc1O,old
6.22184875,COC1=C(O)C=CC(CNC(CCCC/C=C/C(C)C)=O)=C1,new
5.530177984,OC1=C2C(OC=C(C3=CC=C(OC)C=C3)C2=O)=CC(O)=C1,new
6.958607315,OC1=CC=C(/C=C/C(O[C@@H](C(O)=O)CC2=CC=C(O)C(O)=C2)=O)C3=C1O[C@H](C4=CC(O)=C(O)C=C4)[C@H]3C(O[C@H](CC5=CC(O)=C(O)C=C5)C(O)=O)=O,new
4.679230772,OC1=C(O)C=CC(/C=C/C(O[C@H](CC2=CC(O)=C(O)C=C2)C(O)=O)=O)=C1,new
4.799970733,CC1=C(C=CC(C(OC[C@@H]2C)=C2C3=O)=C4C3=O)C4=CC=C1,new
5.044793462,O=C(C1=C(C2=C3[C@@H](C)CO2)C=CC4=C1CCCC4(C)C)C3=O,new
4.783834098,CC1=C(C=CC(C(OC=C2C)=C2C3=O)=C4C3=O)C4=CC=C1,new
5.920818754,O=C(C1=C(C2=C3C(C)=CO2)C=CC4=C1CCCC4(C)C)C3=O,new
6.853871964,COC(C(OC)=C1)=CC2=C1C3=CC4=CC=C(OCO5)C5=C4C=[N+]3CC2,new
6.327902142,OC1=CC2=C(C=C1OC)CC[N+]3=CC4=C(OC)C(OC)=CC=C4C=C32,new
5.809668302,OC(C(OC)=C1)=CC2=C1C3=CC4=CC=C(OC)C(OC)=C4C=[N+]3CC2,new
5.156767222,COC1=C(C=[N+](CCC2=C3C=C4C(OCO4)=C2)C3=C5)C5=CC=C1OC,new
4.912573543,COC1=C(C=[N+](CCC2=C3C=C(OC)C(OC)=C2)C3=C4)C4=CC=C1OC,new
7.095014119,O=C(C1=CC(SC=C2)=C2N1C)NC3=C(N(CC4=CC=C(OC[C@H]5CNCC5)C=C4)CCC6)C6=CC=C3,new
6.828098109,O=C(C1=CC(SC=C2)=C2N1C)NC3=C(N(CC4=CC=C(OC[C@@H]5CNCC5)C=C4)CCC6)C6=CC=C3,new
7.329939783,O=C(C1=CC(SC=C2)=C2N1C)NC3=C(N(CC4=CC=C(OC5CCNC5)C=C4)CCC6)C6=CC=C3,new
7.416347891,O=C(C1=CC(SC=C2)=C2N1C)NC3=C(N(CC4=CC=C(O[C@H]5CC[C@@H](N)CC5)C=C4)CCC6)C6=CC=C3,new
7.436756299,O=C(C1=CC(SC=C2)=C2N1C)NC3=C(N(CC4=CC=C(O[C@H]5CC[C@H](N)CC5)C=C4)CCC6)C6=CC=C3,new
7.439256699,O=C(C1=CC(SC=C2)=C2N1C)NC3=C(N(CC4=CC=C(OC5CCNCC5)C=C4)CCC6)C6=CC=C3,new
7.423889106,O=C(C1=CC(SC=C2)=C2N1C)NC3=C(N(CC4=CC=C(OCC5CCNCC5)C=C4)CCC6)C6=CC=C3,new
7.324588306,O=C(C1=CC(SC=C2)=C2N1C)NC3=C(N(CC4=CC=C(OCCCN)C=C4)CCC5)C5=CC=C3,new
7.4405722,O=C(C1=CC(SC=C2)=C2N1C)NC3=C(N(CC4=CC=C(O[C@H]5CC[C@H](N(C)C)CC5)C=C4)CCC6)C6=CC=C3,new
7.417368561,O=C(C1=CC(SC=C2)=C2N1C)NC3=C(N(CC4=CC=C(OC5CCN(C)CC5)C=C4)CCC6)C6=CC=C3,new
8.083546051,O=C(C1=CC(SC=C2)=C2N1C)NC3=C(N(CC4=CC=C(OC5CC[N+](C)(C)CC5)C=C4)CCC6)C6=CC=C3,new
7.271727402,O=C(C1=CC(SC=C2)=C2N1C)NC3=C(N(CC4=CC=C(OCC5CCN(C)CC5)C=C4)CCC6)C6=CC=C3,new
7.762959209,O=C(C1=CC(SC=C2)=C2N1C)NC3=C(N(CC4=CC=C(OCC5CC[N+](C)(C)CC5)C=C4)CCC6)C6=CC=C3,new
7.505011026,O=C(C1=CC(SC=C2)=C2N1C)NC3=C(N(CC4=CC=C(OCCCN(C)C)C=C4)CCC5)C5=CC=C3,new
6.135299105,O=C(C1=CC(SC=C2)=C2N1C)NC3=C(N(CC4=CC=C(OCC5CCOCC5)C=C4)CCC6)C6=CC=C3,new
5.739928612,O=C(C1=CC=C(C(F)(F)F)C=C1)NC2=C(N(CC3=CC=C(OC4CCNCC4)C=C3)CCC5)C5=CC=C2,new
5.290730039,O=C(C1=C(F)C=C(C(F)(F)F)C=C1)NC2=C(N(CC3=CC=C(OC4CCNCC4)C=C3)CCC5)C5=CC=C2,new
5.806875402,O=C(C1=C(C)C=CN=C1)NC2=C(N(CC3=CC=C(OC4CCNCC4)C=C3)CCC5)C5=CC=C2,new
4.725842151,O=C(C1=CC(C=CC=C2)=C2N=C1)NC3=C(N(CC4=CC=C(OC5CCNCC5)C=C4)CCC6)C6=CC=C3,new
4.883060353,O=C(C1=NC(C=CC=C2)=C2C=C1)NC3=C(N(CC4=CC=C(OC5CCNCC5)C=C4)CCC6)C6=CC=C3,new
6.27572413,O=C(C1=CC2=CC=CC=C2O1)NC3=C(N(CC4=CC=C(OC5CCNCC5)C=C4)CCC6)C6=CC=C3,new
6.031517051,O=C(C1=CC2=CC=CC=C2S1)NC3=C(N(CC4=CC=C(OC5CCNCC5)C=C4)CCC6)C6=CC=C3,new
5.55129368,O=C(C1=CC2=CC=CC=C2N1)NC3=C(N(CC4=CC=C(OC5CCNCC5)C=C4)CCC6)C6=CC=C3,new
6.036212173,O=C(C1=NC2=CC=CC=C2S1)NC3=C(N(CC4=CC=C(OC5CCNCC5)C=C4)CCC6)C6=CC=C3,new
5.63638802,O=C(C1=NC2=CC=CC=C2N1)NC3=C(N(CC4=CC=C(OC5CCNCC5)C=C4)CCC6)C6=CC=C3,new
6.013228266,O=C(C1=NN(C)C2=C1C=CC=C2)NC3=C(N(CC4=CC=C(OC5CCNCC5)C=C4)CCC6)C6=CC=C3,new
6.26760624,O=C(C1=CC=CC2=C1C=CN2)NC3=C(N(CC4=CC=C(OC5CCNCC5)C=C4)CCC6)C6=CC=C3,new
5.339134522,O=C(C1=CC(C=CN2)=C2C=C1)NC3=C(N(CC4=CC=C(OC5CCNCC5)C=C4)CCC6)C6=CC=C3,new
5.406713933,O=C(C1=CC=CC2=C1C=CN2C)NC3=C(N(CC4=CC=C(OC5CCNCC5)C=C4)CCC6)C6=CC=C3,new
4.591081979,O=C(C1=CC(C=CN2C)=C2C=C1)NC3=C(N(CC4=CC=C(OC5CCNCC5)C=C4)CCC6)C6=CC=C3,new
5.35261703,O=C(C1=CC=CC2=C1N(C)C=C2)NC3=C(N(CC4=CC=C(OC5CCNCC5)C=C4)CCC6)C6=CC=C3,new
5.341988603,O=C(C1=CN(C)C2=C1C=CC=C2)NC3=C(N(CC4=CC=C(OC5CCNCC5)C=C4)CCC6)C6=CC=C3,new
7.301029996,O=C(C1=CC2=CC=CC=C2N1C)NC3=C(N(CC4=CC=C(OC5CCNCC5)C=C4)CCC6)C6=CC=C3,new
6.823908741,O=C(C1=CC2=CC=CC=C2N1CC)NC3=C(N(CC4=CC=C(OC5CCNCC5)C=C4)CCC6)C6=CC=C3,new
5.818156412,O=C(C1=CC2=CC=CC=C2N1CCC)NC3=C(N(CC4=CC=C(OC5CCNCC5)C=C4)CCC6)C6=CC=C3,new
4.787546039,O=C(C1=CC2=CC(Cl)=CC=C2N1C)NC3=C(N(CC4=CC=C(OC5CCNCC5)C=C4)CCC6)C6=CC=C3,new
6.26760624,O=C(C1=CC2=CC(Cl)=CC=C2N1C)NC3=C(N(CC4=CC=C(OC5CCNCC5)C=C4)CCC6)C6=CC=C3,new
5.946921557,O=C(C1=CC2=CC=C(Cl)C=C2N1C)NC3=C(N(CC4=CC=C(OC5CCNCC5)C=C4)CCC6)C6=CC=C3,new
6.744727495,O=C(C1=CC2=CC=CC=C2N1C(C)C)NC3=C(N(CC4=CC=C(OC5CCNCC5)C=C4)CCC6)C6=CC=C3,new
5.576754126,O=C(C1=CC2=CC=CC=C2N1CC3CC3)NC4=C(N(CC5=CC=C(OC6CCNCC6)C=C5)CCC7)C7=CC=C4,new
6.408935393,O=C(C1=CC2=CC=CC=C2N1C(F)F)NC3=C(N(CC4=CC=C(OC5CCNCC5)C=C4)CCC6)C6=CC=C3,new
6.107905397,O=C(C1=CC2=CC=CC=C2N1CC(F)F)NC3=C(N(CC4=CC=C(OC5CCNCC5)C=C4)CCC6)C6=CC=C3,new
7.22184875,O=C(C1=CC2=CC=CC=C2N1CCF)NC3=C(N(CC4=CC=C(OC5CCNCC5)C=C4)CCC6)C6=CC=C3,new
6.823908741,O=C(C1=CC2=CC=CC=C2N1CCCl)NC3=C(N(CC4=CC=C(OC5CCNCC5)C=C4)CCC6)C6=CC=C3,new
6,ClC1=C(C2=CC=C(C#N)C=C2)N=C(NC[C@]3([H])CNCC3)N=C1,new
8.698970004,N#CC(C=C1)=CC=C1C2=C(C3=CC=C(C)C=C3)C=NC(C[C@]4([H])CNCC4)=N2,new
8.853871964,N#CC(C=C1)=CC=C1C2=C(C3=CC=C(C)C=C3)C=NC(N4CC[C@@](NCC5)([H])[C@@]5([H])C4)=N2,new
8.522878745,N#CC(C=C1)=CC=C1C2=C(C3=CC=C(C)C=C3)C=NC(N4CCC(N)CC4)=N2,new
8.853871964,N#CC(C=C1)=CC=C1C2=C(C3=CC=C(C)C=C3)N(C)C(C(N4CCC(N)CC4)=N2)=O,new
9.301029996,N#CC(C=C1)=C(F)C=C1C2=C(C3=CC=C(C)C=C3)N(C)C(C(N4CCC(N)CC4)=N2)=O,new
7.958607315,N#CC(C=C1)=CC(F)=C1C2=C(C3=CC=C(C)C=C3)N(C)C(C(N4CCC(N)CC4)=N2)=O,new
8.853871964,N#CC(C=C1)=CC=C1C2=C(C3=CC=C(C)C=C3)C(N(C)C(N4CCC(N)CC4)=N2)=O,new
9.15490196,N#CC(C=C1)=CC=C1C2=C(C3=CC=C(OC)C=C3)C(N(C)C(N4CCC(N)CC4)=N2)=O,new
9.096910013,N#CC(C=C1)=CC=C1C2=C(C3=CC(F)=C(OC)C=C3)C(N(C)C(N4CCC(N)CC4)=N2)=O,new
9.522878745,N#CC(C=C1)=C(F)C=C1C2=C(C3=CC(F)=C(OC)C=C3)C(N(C)C(N4CCC(N)CC4)=N2)=O,new
4.590066877,CN1C(C(NC2=CC=CC=C2)=O)=CC3=C1C=CS3,new
4.517126416,CN1C(C2=NC(C3=CC=CC=C3)=CN2)=CC4=C1C=CS4,new
5.301029996,CN1C(C2=NC(CC)=CN2)=CC3=C1C=CS3,new
5.823908741,CN1C(C2=NC(CCC)=CN2)=CC3=C1C=CS3,new
5.640164518,CN1C(C2=NC(C(C)C)=CN2)=CC3=C1C=CS3,new
5.645891561,CN1C(C2=NC(C3CC3)=CN2)=CC4=C1C=CS4,new
5.991399828,CN1C(C2=NC(C3CCC3)=CN2)=CC4=C1C=CS4,new
9.769551079,CN1C(C2=NC(CC)=CN2CCCC3=CC=C(OC4CCCNCC4)C=C3)=CC5=C1C=CS5,new
9.568636236,CN1C(C2=NC(CC)=CN2CCCC3=CC=C(OC4CCNCC4)C=C3)=CC5=C1C=CS5,new
9.552841969,CN1C(C2=NC(CC)=CN2CCCC3=CC=C(OCC4CNCC4)C=C3)=CC5=C1C=CS5,new
9.468521083,CN1C(C2=NC(CC)=CN2CCCC3=CC=C(OCC4CCNCC4)C=C3)=CC5=C1C=CS5,new
9.468521083,CN1C(C2=NC(CC)=CN2CCOC3=CC=C(OC4CCCNCC4)C=C3)=CC5=C1C=CS5,new
9.22184875,CN1C(C2=NC(CC)=CN2CCOC3=CC=C(OC4CCNCC4)C=C3)=CC5=C1C=CS5,new
9.795880017,CN1C(C2=NC(C3CCC3)=CN2CCCC4=CC=C(OC5CCCNCC5)C=C4)=CC6=C1C=CS6,new
10,CN1C(C2=NC(C3CCC3)=CN2CCCC4=CC=C(OC5CCNCC5)C=C4)=CC6=C1C=CS6,new
9.420216403,CN1C(C2=NC(C3CCC3)=CN2CCCC4=CC=C(OCC5CNCC5)C=C4)=CC6=C1C=CS6,new
9.602059991,CN1C(C2=NC(C3CCC3)=CN2CCCC4=CC=C(OCC5CCNCC5)C=C4)=CC6=C1C=CS6,new
9.677780705,CN1C(C2=NC(C3CCC3)=CN2CCOC4=CC=C(OC5CCCNCC5)C=C4)=CC6=C1C=CS6,new
9.721246399,CN1C(C2=NC(C3CCC3)=CN2CCOC4=CC=C(OC5CCNCC5)C=C4)=CC6=C1C=CS6,new
9.886056648,CN1C(C2=NC(CCC)=CN2CCCC3=CC=C(OC4CCCNCC4)C=C3)=CC5=C1C=CS5,new
9.744727495,CN1C(C2=NC(CCC)=CN2CCCC3=CC=C(OC4CCNCC4)C=C3)=CC5=C1C=CS5,new
9.522878745,CN1C(C2=NC(CCC)=CN2CCCC3=CC=C(OCC4CNCC4)C=C3)=CC5=C1C=CS5,new
9.853871964,CN1C(C2=NC(CCC)=CN2CCCC3=CC=C(OCC4CCNCC4)C=C3)=CC5=C1C=CS5,new
9.886056648,CN1C(C2=NC(CCC)=CN2CCOC3=CC=C(OC4CCCNCC4)C=C3)=CC5=C1C=CS5,new
9.698970004,CN1C(C2=NC(CCC)=CN2CCOC3=CC=C(OC4CCNCC4)C=C3)=CC5=C1C=CS5,new
5.732828272,CN1C(C2=NC(CC)=CN2CCOC3=CC=CC=C3)=CC4=C1C=CS4,new
4.705754284,CN1C(C2=NC(CC)=CN2C)=CC3=C1C=CS3,new
8.950781977,CN1C(C2=NC=C(CC)N2CCCC3=CC=C(OC4CCCNCC4)C=C3)=CC5=C1C=CS5,new
8.896196279,CN1C(C2=NC=C(CC)N2CCCC3=CC=C(OC4CCNCC4)C=C3)=CC5=C1C=CS5,new
8.468521083,CN1C(C2=NC=C(CC)N2CCCC3=CC=C(OCC4CCNCC4)C=C3)=CC5=C1C=CS5,new
8.619788758,CN1C(C2=NC=C(CC)N2CCOC3=CC=C(OC4CCCNCC4)C=C3)=CC5=C1C=CS5,new
8.559090918,CN1C(C2=NC=C(CC)N2CCOC3=CC=C(OC4CCNCC4)C=C3)=CC5=C1C=CS5,new
8.906578315,CN1C(C2=NC=C(C3CCC3)N2CCCC4=CC=C(OC5CCCNCC5)C=C4)=CC6=C1C=CS6,new
9.13667714,CN1C(C2=NC=C(C3CCC3)N2CCCC4=CC=C(OC5CCNCC5)C=C4)=CC6=C1C=CS6,new
8.525783736,CN1C(C2=NC=C(C3CCC3)N2CCCC4=CC=C(OCC5CNCC5)C=C4)=CC6=C1C=CS6,new
8.640164518,CN1C(C2=NC=C(C3CCC3)N2CCCC4=CC=C(OCC5CCNCC5)C=C4)=CC6=C1C=CS6,new
8.886056648,CN1C(C2=NC=C(C3CCC3)N2CCOC4=CC=C(OC5CCCNCC5)C=C4)=CC6=C1C=CS6,new
8.769551079,CN1C(C2=NC=C(C3CCC3)N2CCOC4=CC=C(OC5CCNCC5)C=C4)=CC6=C1C=CS6,new
9.055517328,CN1C(C2=NC=C(CCC)N2CCCC3=CC=C(OC4CCCNCC4)C=C3)=CC5=C1C=CS5,new
9.236572006,CN1C(C2=NC=C(CCC)N2CCCC3=CC=C(OC4CCNCC4)C=C3)=CC5=C1C=CS5,new
8.186419011,CN1C(C2=NC=C(CCC)N2CCCC3=CC=C(OCC4CNCC4)C=C3)=CC5=C1C=CS5,new
7.741841807,CN1C(C2=NC=C(CCC)N2CCCC3=CC=C(OCC4CCNCC4)C=C3)=CC5=C1C=CS5,new
8.375717904,CN1C(C2=NC=C(CCC)N2CCOC3=CC=C(OC4CCCNCC4)C=C3)=CC5=C1C=CS5,new
8.443697499,CN1C(C2=NC=C(CCC)N2CCOC3=CC=C(OC4CCNCC4)C=C3)=CC5=C1C=CS5,new
4.656591406,CN1C(C2=NC=C(CC)N2CCOC3=CC=CC=C3)=CC4=C1C=CS4,new
4.037914919,CN1C(C2=NC=C(CC)N2C)=CC3=C1C=CS3,new
7.721246399,NC1CC1C2=CC=C(NC(C3=CC=CC=C3)=O)C=C2,new
6.974694135,NC1CC1C2=CC=C(NC(OCC3=CC=CC=C3)=O)C=C2,new
7.619788758,NC1CC1C2=CC=C(NC(C3=CC=CC4=CC=CC=C34)=O)C=C2,new
7.537602002,NC1CC1C2=CC=C(NC(C3=CC4=CC=CC=C4C=C3)=O)C=C2,new
7.292429824,NC1CC1C2=CC=C(NC(C3=CC=C(C4=CC=CC=C4)C=C3)=O)C=C2,new
7.26760624,NC1CC1C2=CC=C(NC(CC3=CC=CC=C3)=O)C=C2,new
7.420216403,NC1CC1C2=CC=C(NC(CC3=CC=CC4=C3C=CC=C4)=O)C=C2,new
7.366531544,NC1CC1C2=CC=C(NC(CC3=CC4=CC=CC=C4C=C3)=O)C=C2,new
6.826813732,O=C(NC(CC1=CC=CC=C1)C(NC2=CC=C(C3CC3N)C=C2)=O)OCC4=CC=CC=C4,new
4.742321425,O=C(NC(CC1=CC=CC=C1)C(NC2=CC=CC(C3CC3N)=C2)=O)OCC4=CC=CC=C4,new
6.338187314,O=C(NC(C1=CC=CC=C1)C(NC2=CC=C(C3CC3N)C=C2)=O)OCC4=CC=CC=C4,new
6.638272164,O=C(NC(CC1=CC=C(Br)C=C1)C(NC2=CC=C(C3CC3N)C=C2)=O)OCC4=CC=CC=C4,new
7.096910013,O=C(NC(CC1=CC=CC=C1)C(NC2=CC=C(C3CC3N)C=C2)=O)OCC4=CC=C(Br)C=C4,new
6.627087997,O=C(NC(CC1=CC=C(OC)C=C1)C(NC2=CC=C(C3CC3N)C=C2)=O)OCC4=CC=CC=C4,new
6.886056648,O=C(NC(CCC1=CC=CC=C1)C(NC2=CC=C(C3CC3N)C=C2)=O)OCC4=CC=CC=C4,new
6.552841969,O=C(NC(C(C1=CC=CC=C1)C2=CC=CC=C2)C(NC3=CC=C(C4CC4N)C=C3)=O)OCC5=CC=CC=C5,new
6.761953897,O=C(NC(CC1=CC=CC2=C1C=CC=C2)C(NC3=CC=C(C4CC4N)C=C3)=O)OCC5=CC=CC=C5,new
6.115204636,O=C(NC(CC1=CC2=C(C=CC=C2)C=C1)C(NC3=CC=C(C4CC4N)C=C3)=O)OCC5=CC=CC=C5,new
6.721246399,O=C(NC(CC1=CNC2=C1C=CC=C2)C(NC3=CC=C(C4CC4N)C=C3)=O)OCC5=CC=CC=C5,new
7.080921908,O=C(NC(CC1=CSC2=C1C=CC=C2)C(NC3=CC=C(C4CC4N)C=C3)=O)OCC5=CC=CC=C5,new
6.397940009,O=C(NC(C(C)C)C(NC1=CC=C(C2CC2N)C=C1)=O)OCC3=CC=CC=C3,new
6.627087997,O=C(NC(CC(C)C)C(NC1=CC=C(C2CC2N)C=C1)=O)OCC3=CC=CC=C3,new
6.235823868,O=C(NC(CC1CCCCC1)C(NC2=CC=C(C3CC3N)C=C2)=O)OCC4=CC=CC=C4,new
7.045757491,O=C(NC1=CC=C(C2CC2N)C=C1)C3=CC=C(NC(OCC4=CC=CC=C4)=O)C=C3,new
7.124938737,O=C(NC1=CC=C(C2CC2N)C=C1)C3=CC=C(NC(OCC4=CC=CC=C4)=O)C(N5CCOCC5)=C3,new
7.050609993,O=C(NC1=CC=C(C2CC2N)C=C1)C3=CC=C(NC(OCC4=CC=CC=C4)=O)C(N5CCN(C)CC5)=C3,new
7.366531544,O=C(NC1=CC=C(C2CC2N)C=C1)C3=CC=CC(NC(OCC4=CC=CC=C4)=O)=C3,new
6.512861625,O=C(NC1=CC=C(C2CC2N)C=C1)C3=CC=C(N4CCCCC4)C(NC(OCC5=CC=CC=C5)=O)=C3,new
7.214670165,O=C(NC1=CC=C(C2CC2N)C=C1)C3=CC=C(N4CCOCC4)C(NC(OCC5=CC=CC=C5)=O)=C3,new
7.050609993,O=C(NC1=CC=C(C2CC2N)C=C1)C3=CC=C(N4CCN(C)CC4)C(NC(OCC5=CC=CC=C5)=O)=C3,new
6.844663963,O=C(NC1=CC=C(C2CC2N)C=C1)C3=CC=C(OC4=CC=CC=C4)C(NC(OCC5=CC=CC=C5)=O)=C3,new
7.13667714,O=C(NC1=CC=C(C2CC2N)C=C1)C3=CC=C(SC4=CC=CC=C4)C(NC(OCC5=CC=CC=C5)=O)=C3,new
6.835647144,O=C(NC1=CC=C(C2CC2N)C=C1)C3=CC=CC=C3NC(OCC4=CC=CC=C4)=O,new
6.798602876,O=C(NC1=CC=C(C2CC2N)C=C1)C3=CC=C(Br)C=C3NC(OCC4=CC=CC=C4)=O,new
6.869666232,O=C(NC1=CC=C(C2CC2N)C=C1)C3=CC=C(C4=CC=CC=C4)C=C3NC(OCC5=CC=CC=C5)=O,new
5.408935393,O=C(NC1=CC=C(C2CC2N)C=C1)C3=CC(NC(C4=CC=CC=C4)=O)=CC=C3CC(NC5=CC=CC=C5)=O,new
5.769551079,O=C(NC1=CC=C(C2CC2N)C=C1)C3=CC(NC(C4=CC=CC=C4)=O)=CC=C3CC(NCC5=CC=CC=C5)=O,new
4.966576245,CNC1CC1C2=CC=CC=C2,new
4.250263684,CN(C)C1CC1C2=CC=CC=C2,new
6.522878745,O=C(NCC1=CC=CC=C1)C2=CC=C([C@H]3[C@H](N)C3)C=C2,new
6.397940009,O=C(NCCC1=CC=CC=C1)C2=CC=C([C@H]3[C@H](N)C3)C=C2,new
6.22184875,O=C(NCCC1=CC=CS1)C2=CC=C([C@H]3[C@H](N)C3)C=C2,new
5.619788758,O=C(NCC1CCCCC1)C2=CC=C([C@H]3[C@H](N)C3)C=C2,new
5.236572006,O=C(NCCC1CCCCC1)C2=CC=C([C@H]3[C@H](N)C3)C=C2,new
5.886056648,O=C(NCC1=CC=C(F)C=C1)C2=CC=C([C@H]3[C@H](N)C3)C=C2,new
6.045757491,O=C(NCC1=CC=C(Br)C=C1)C2=CC=C([C@H]3[C@H](N)C3)C=C2,new
4.494850022,O=C(NCC1=CC=C(OC)C=C1)C2=CC=C([C@H]3[C@H](N)C3)C=C2,new
4.759450752,O=C(NCC1=CC=C(C2=CC=CC=C2)C=C1)C3=CC=C([C@H]4[C@H](N)C4)C=C3,new
4.698970004,O=C(NCC(N)=O)C1=CC=C([C@H]2[C@H](N)C2)C=C1,new
6.15490196,O=C(N(CC1=CC=CC=C1)CC2=CC=CC=C2)C3=CC=C([C@H]4[C@H](N)C4)C=C3,new
6.301029996,O=C(N1CCN(C2=C(F)C=CC=C2)CC1)C3=CC=C([C@H]4[C@H](N)C4)C=C3,new
5.744727495,O=C(N1CCN(C2=C(C#N)C=CC=C2)CC1)C3=CC=C([C@H]4[C@H](N)C4)C=C3,new
5.823908741,O=C(N1CCN(C2=CC=CC=N2)CC1)C3=CC=C([C@H]4[C@H](N)C4)C=C3,new
5.744727495,O=C(N1CCN(C2=NC=CC=N2)CC1)C3=CC=C([C@H]4[C@H](N)C4)C=C3,new
6.301029996,O=C(N1CCN(S(C2=CC=C(C)C=C2)(=O)=O)CC1)C3=CC=C([C@H]4[C@H](N)C4)C=C3,new
6.045757491,O=C(N1CCN(S(C)(=O)=O)CC1)C2=CC=C([C@H]3[C@H](N)C3)C=C2,new
6.432855955,O=S(C1=CC=C([C@@H]2[C@@H](N)C2)C=C1)(NCC)=O,new
6.697669071,O=S(C1=CC=C([C@@H]2[C@@H](N)C2)C=C1)(NCCC3=CC=CC=C3)=O,new
6.307417438,O=S(C1=CC=C([C@@H]2[C@@H](N)C2)C=C1)(NC3CCCCC3)=O,new
6.303381541,O=S(C1=CC=C([C@@H]2[C@@H](N)C2)C=C1)(NC(C)(C)C)=O,new
6.534319788,O=S(C1=CC=C([C@@H]2[C@@H](N)C2)C=C1)(NC3=CC=CC=C3)=O,new
6.075049111,O=S(C1=CC=C([C@@H]2[C@@H](N)C2)C=C1)(NC3=NC=CC=C3)=O,new
6.700274846,O=S(C1=CC=C([C@@H]2[C@@H](N)C2)C=C1)(N3CCOCC3)=O,new
6.623058243,O=S(C1=CC=C([C@@H]2[C@@H](N)C2)C=C1)(N3CCCC3)=O,new
6.910448117,O=S(C1=CC=C([C@@H]2[C@@H](N)C2)C=C1)(N(CC)CC)=O,new
7.537602002,O=S(C1=CC=C([C@@H]2[C@@H](NCC3=CC=CC=C3)C2)C=C1)(N(CC)CC)=O,new
6.35261703,NC(C1)C1/C=C/C2=CC=CC=C2,new
4.690369833,NC(C1)C1/C=C\C2=CC=CC=C2,new
5.368556231,NC(C1)C1/C=C(C)/C2=CC=CC=C2,new
6.046723663,N[C@H](C1)[C@@H]1/C(C)=C/C2=CC=CC=C2,new
6.385102784,N[C@H](C1)[C@@H]1/C(CC)=C/C2=CC=CC=C2,new
6.103473783,NC(C1)C1C2=CC3=CC=CC=C3CC2,new
5.026872146,NC(C1)C1C2=CCCCC2,new
8.142667504,C1(/C=C/C2C(NCC3CCNCC3)C2)=CC=CC=C1,new
8.37675071,C/C([C@H]1[C@H](NCC2CCNCC2)C1)=C\C3=CC=CC=C3,new
8.537602002,C/C([C@H]1[C@H](N[C@@]2([H])CC[C@@](N)([H])CC2)C1)=C\C3=CC=CC=C3,new
7.552841969,C/C([C@H]1[C@H](NC2CNC2)C1)=C\C3=CC=CC=C3,new
7.251811973,C/C([C@H]1[C@H](N[C@@]2([H])CC[C@@](NC(C)=O)([H])CC2)C1)=C\C3=CC=CC=C3,new
8.055517328,C/C([C@H]1[C@H](NCC2=CN=CN2)C1)=C\C3=CC=CC=C3,new
7.602059991,C/C([C@H]1[C@H](N[C@@]2([H])CC[C@@](O)([H])CC2)C1)=C\C3=CC=CC=C3,new
7.698970004,C/C([C@H]1[C@H](NC2CC(NCC2)=O)C1)=C\C3=CC=CC=C3,new
8.585026652,C/C([C@H]1[C@H](N[C@@]2([H])CC[C@@](NCCO)([H])CC2)C1)=C\C3=CC=CC=C3,new
7.769551079,C/C([C@H]1[C@H](N[C@@]2([H])CC[C@@](NCCC(O)=O)([H])CC2)C1)=C\C3=CC=CC=C3,new
7.698970004,[H][C@@]1(CC[C@@](NCCC(O)=O)([H])CC1)N[C@H](C2)[C@@H]2/C(CC)=C/C3=CC=CC=C3,new
8.27572413,CC/C([C@H]1[C@H](NC2CC3(CNC3)C2)C1)=C\C4=CC=CC=C4,new
8.522878745,CC/C([C@H]1[C@H](NC2CC3(CN(C4COC4)C3)C2)C1)=C\C5=CC=CC=C5,new
8.113509275,CC/C([C@H]1[C@H](NC2CC3(CN(C(C)=O)C3)C2)C1)=C\C4=CC=CC=C4,new
8.397940009,CC/C([C@H]1[C@H](NC2CC3(CN(S(C)(=O)=O)C3)C2)C1)=C\C4=CC=CC=C4,new
4.813608784,O=C1C2=C(N(CCNC(NC3=C(Cl)C=CC=C3)=S)N=N2)N=C(SCCC)N1,new
4.723308471,O=C1C2=C(N(CCNC(NCC3=CC=CC=C3)=S)N=N2)N=C(SCCC)N1,new
4.770830297,O=C1C2=C(N(CCNC(NC3=CC=C(OC)C=C3)=S)N=N2)N=C(SCCC)N1,new
5.010995384,O=C1C2=C(N(CCNC(NC3=CC=CC4=CC=CC=C34)=S)N=N2)N=C(SCCC)N1,new
6.390405591,ClC1=CC=CC=C1CN2N=NC(CSC3=NC(NC4=CC(C(F)(F)F)=CC=C4)=C(C#N)C(C5=CC=CC=C5)=N3)=C2,new
6.202040356,ClC1=CC=CC=C1CN2N=NC(CSC3=NC(NC4=CC=C(Cl)C=C4)=C(C#N)C(C5=CC=CC=C5)=N3)=C2,new
5.199970641,ClC1=CC=CC=C1CN2N=NC(CSC3=NC(NC4=CC(Cl)=CC=C4)=C(C#N)C(C5=CC=CC=C5)=N3)=C2,new
5.491201035,ClC1=CC=CC=C1CN2N=NC(CSC3=NC(NC4=CC=C(F)C=C4)=C(C#N)C(C5=CC=CC=C5)=N3)=C2,new
5.427128398,CC(C=C1)=CC=C1CN2N=NC(CSC3=NC(NC4=C(Cl)C=CC=C4)=C(C#N)C(C5=CC=CC=C5)=N3)=C2,new
4.393532644,CC(C=C1)=CC=C1CN2N=NC(CSC3=NC(NC4=CC=C(C)C=C4)=C(C#N)C(C5=CC=CC=C5)=N3)=C2,new
5.84375381,ClC1=CC=CC=C1CN2N=NC(CSC3=NC(NC4=CC=C(OC)C=C4)=C(C#N)C(C5=CC=CC=C5)=N3)=C2,new
5.725842151,CC(C=C1)=CC=C1NC2=C(C#N)C(C3=CC=CC=C3)=NC(SCC4=CN(CC(NC(NC5=NC=CC=C5)=O)=O)N=N4)=N2,new
5.843148099,CC(C=C1)=CC=C1NC2=C(C#N)C(C3=CC=C(C)C=C3)=NC(SCC4=CN(CC(NC(NC5=NC=CC=C5)=O)=O)N=N4)=N2,new
6.274905479,CC(C=C1)=CC=C1NC2=C(C#N)C(C3=CC=C(Cl)C=C3)=NC(SCC4=CN(CC(NC(NC5=NC=CC=C5)=O)=O)N=N4)=N2,new
5.417709317,CC(C=C1)=CC=C1NC2=C(C#N)C(C3=CC=C(Br)C=C3)=NC(SCC4=CN(CC(NC(NC5=NC=CC=C5)=O)=O)N=N4)=N2,new
5.898940645,CC(C=C1)=CC=C1NC2=C(C#N)C(C3=CC(OC)=C(OC)C(OC)=C3)=NC(SCC4=CN(CC(NC(NC5=NC=CC=C5)=O)=O)N=N4)=N2,new
6.415668776,CC(C=C1)=CC=C1NC2=C(C#N)C(C3=CC=C(C(C)C)C=C3)=NC(SCC4=CN(CC(NC(NC5=NC=CC=C5)=O)=O)N=N4)=N2,new
5.417709317,O=C(NC(NC1=NC=CC=C1)=O)CN(N=N2)C=C2CSC3=NC(NC4=C(C)C=CC=C4)=C(C#N)C(C5=CC=C(C(C)C)C=C5)=N3,new
5.297483303,O=C(NC(NC1=NC=CC=C1)=O)CN(N=N2)C=C2CSC3=NC(NC4=C(O)C=CC=C4)=C(C#N)C(C5=CC=C(C(C)C)C=C5)=N3,new
5.250263684,O=C(NC(NC1=NC=CC=C1)=O)CN(N=N2)C=C2CSC3=NC(NC4=CC=C(F)C=C4)=C(C#N)C(C5=CC=C(C(C)C)C=C5)=N3,new
6.21395879,O=C(NC(NC1=NC=CC=C1)=O)CN(N=N2)C=C2CSC3=NC(NC4=CC=C(OC)C=C4)=C(C#N)C(C5=CC=C(C(C)C)C=C5)=N3,new
6.542118103,O=C(NC(NC1=NC=CC=C1)=O)CN(N=N2)C=C2CSC3=NC(NC4=CC=C(OC)C=C4)=C(C#N)C(C5=CC=C(C)C=C5)=N3,new
5.814457845,O=C(NC(NC1=NC=CC=C1)=O)CN(N=N2)C=C2CSC3=NC(NC4=C(OC)C=CC=C4)=C(C#N)C(C5=CC=C(C)C=C5)=N3,new
6.634512015,O=C(NC(NC1=NC=CC=C1)=O)CN(N=N2)C=C2CSC3=NC(NC4=CC(Cl)=CC=C4)=C(C#N)C(C5=CC=C(C)C=C5)=N3,new
6.73754891,O=C(NC(NC1=NC=CC=C1)=O)CN(N=N2)C=C2CSC3=NC(NC4=CC(C(F)(F)F)=CC=C4)=C(C#N)C(C5=CC=C(C)C=C5)=N3,new
6.412289035,O=C(NC(NC1=NC=CC=C1)=O)CN(N=N2)C=C2CSC3=NC(NC4=CC(C(F)(F)F)=CC=C4)=C(C#N)C(C5=CC(OC)=C(OC)C(OC)=C5)=N3,new
6.015472687,O=C(NC(NC1=NC=CC=C1)=O)CN(N=N2)C=C2CSC3=NC(NC4=CC=C(Cl)C=C4)=C(C#N)C(C5=CC(OC)=C(OC)C(OC)=C5)=N3,new
6.197226275,O=C(NC(NC1=NC=CC=C1)=O)CN(N=N2)C=C2CSC3=NC(NC4=CC(Cl)=CC=C4)=C(C#N)C(C5=CC(OC)=C(OC)C(OC)=C5)=N3,new
5.90868484,O=C(NC(NC1=NC=CC=C1)=O)CN(N=N2)C=C2CSC3=NC(NC4=CC=C(C(C)C)C=C4)=C(C#N)C(C5=CC=C(Cl)C=C5)=N3,new
5.869344651,O=C(NC(NC1=NC=CC=C1)=O)CN(N=N2)C=C2CSC3=NC(NC4=CC=C(C(C)C)C=C4)=C(C#N)C(C5=CC=C(Br)C=C5)=N3,new
4.822175028,O=S(C1C[C@@H]2C(C3=CC=C(O)C=C3)=C(C4=CC=C(O)C=C4)[C@H]1O2)(OC5=CC(C=CC=C6)=C6C=C5)=O,new
4.863913903,O=S(C1C[C@@H]2C(C3=CC=C(O)C=C3)=C(C4=CC=C(O)C=C4)[C@H]1O2)(OC5=CC(OC(C=C6C)=O)=C6C=C5)=O,new
5.809668302,O=S(C1C[C@@H]2C(C3=CC=C(O)C=C3)=C(C4=CC=C(O)C=C4)[C@H]1O2)(OC5=NC(F)=CC=C5)=O,new
5.389339837,O=S(C1C[C@@H]2C(C3=CC=C(O)C=C3)=C(C4=CC=C(O)C=C4)[C@H]1O2)(OC5=NC(Cl)=CC=C5)=O,new
5.227678293,O=S(C1C[C@@H]2C(C3=CC=C(O)C=C3)=C(C4=CC=C(O)C=C4)[C@H]1O2)(OC5=NC(Br)=CC=C5)=O,new
5.14691047,O=S(C1C[C@@H]2C(C3=CC=C(O)C=C3)=C(C4=CC=C(O)C=C4)[C@H]1O2)(OC5=C(Cl)N=CC=C5)=O,new
4.91150953,O=S(C1C[C@@H]2C(C3=CC=C(O)C=C3)=C(C4=CC=C(O)C=C4)[C@H]1O2)(OC5=C(Br)N=CC=C5)=O,new
4.738261453,O=S(C1C[C@@H]2C(C3=CC=C(O)C=C3)=C(C4=CC=C(O)C=C4)[C@H]1O2)(OC5=CN=CC(F)=C5)=O,new
4.523023534,O=S(C1C[C@@H]2C(C3=CC=C(O)C=C3)=C(C4=CC=C(O)C=C4)[C@H]1O2)(NC5=C(C(OC)=O)C=CC=C5)=O,new
4.880744111,O=S(C1C[C@@H]2C(C3=CC=C(O)C=C3)=C(C4=CC=C(O)C=C4)[C@H]1O2)(NC5=CC=C(C(OC)=O)C=C5)=O,new
4.760200182,OC(C=C1)=CC=C1C2=C(C3=CC=C(O)C=C3)[C@@H]4C(C(OC5=C(Cl)N=CC=C5)=O)C[C@H]2O4,new
7.162411562,OC1=C2C(OC(C(N/N=C/C3=CC=CC=C3O)=O)=C2C)=CC=C1,new
7.55129368,OC1=C2C(OC(C(N/N=C/C3=CC=CC(O)=C3O)=O)=C2C)=CC=C1,new
7.850780887,OC1=C2C(OC(C(N/N=C/C3=CC=C(O)C=C3O)=O)=C2C)=CC=C1,new
7.259637311,OC1=C2C(OC(C(N/N=C/C3=CC(O)=CC=C3O)=O)=C2C)=CC=C1,new
8.142667504,OC1=C2C(OC(C(N/N=C/C3=CC=C(O)C(O)=C3O)=O)=C2C)=CC=C1,new
7.49757288,OC1=C2C(OC(C(N/N=C/C3=CC=CC(F)=C3O)=O)=C2C)=CC=C1,new
7.235973392,OC1=C2C(OC(C(N/N=C/C3=CC(F)=CC=C3O)=O)=C2C)=CC=C1,new
7.830325566,OC1=C2C(OC(C(N/N=C/C3=C(F)C=CC=C3O)=O)=C2C)=CC=C1,new
7.504455662,OC1=C2C(OC(C(N/N=C/C3=CC(Cl)=CC=C3O)=O)=C2C)=CC=C1,new
7.586700236,OC1=C2C(OC(C(N/N=C/C3=C(Cl)C=CC=C3O)=O)=C2C)=CC=C1,new
7.226945307,OC1=C2C(OC(C(N/N=C/C3=CC(Cl)=CC(Cl)=C3O)=O)=C2C)=CC=C1,new
7.283162277,OC1=C2C(OC(C(N/N=C/C3=CC=CC(Br)=C3O)=O)=C2C)=CC=C1,new
7.568636236,OC1=C2C(OC(C(N/N=C/C3=CC=C(Br)C=C3O)=O)=C2C)=CC=C1,new
7.625251654,OC1=C2C(OC(C(N/N=C/C3=CC(C)=CC=C3O)=O)=C2C)=CC=C1,new
5.958607315,N[C@@H](C)C(N[C@H](C(N[C@]([H])(C(N[C@@H](CCSC)C(N[C@H](C(N[C@]([H])(C(N[C@@H](C)C(N[C@H](C(N[C@H](C(N[C@H](C(N[C@]([H])(C(NCC(NCC(N[C@H](C(N[C@@H](C)C(N1CCC[C@H]1C(N[C@H](C(N[C@H](C(N[C@H](C(N[C@H](C(N[C@@H](C)C(O)=O)=O)CC(C)C)=O)CCC(N)=O)=O)CCCCN)=O)CCCNC(N)=N)=O)=O)=O)CCCCN)=O)=O)=O)[C@H](O)C)=O)CO)=O)CCCCN)=O)CCCNC(N)=N)=O)=O)[C@H](O)C)=O)CCC(N)=O)=O)=O)[C@H](O)C)=O)CCCNC(N)=N)=O,new
4.903089987,NC([C@@]([H])(NC([C@@H](NC([C@@H](NC([C@@H](NC([C@H](C)NC([C@@]([H])(NC([C@@H](NC([C@H](CCSC)NC([C@@]([H])(NC([C@@H](NC([C@@H]1CCCN1)=O)CCCNC(N)=N)=O)[C@H](O)C)=O)=O)CCC(N)=O)=O)[C@H](O)C)=O)=O)CCCNC(N)=N)=O)CCCCN)=O)CO)=O)[C@H](O)C)=O,new
5.301029996,NC([C@@]([H])(NC([C@@H](NC([C@@H](NC([C@@H](NC([C@H](C)NC([C@@]([H])(NC([C@@H](NC([C@H](CCSC)NC([C@H](CC=C)NC([C@@H](NC([C@H](CC=C)N)=O)CCCNC(N)=N)=O)=O)=O)CCC(N)=O)=O)[C@H](O)C)=O)=O)CCCNC(N)=N)=O)CCCCN)=O)CO)=O)[C@H](O)C)=O,new
5.522878745,NC([C@@]([H])(NC([C@@H](NC([C@@H](NC([C@@H](NC([C@H](C)NC([C@@]([H])(NC([C@@H](NC([C@H](CCSC)NC([C@H](C/C=C\C[C@@H](C(N[C@H]1CCCNC(N)=N)=O)N)NC1=O)=O)=O)CCC(N)=O)=O)[C@H](O)C)=O)=O)CCCNC(N)=N)=O)CCCCN)=O)CO)=O)[C@H](O)C)=O,new
5,NC([C@@]([H])(NC([C@@H](NC([C@@H](NC([C@@H](NC([C@H](C)NC([C@H](CC=C)NC([C@@H](NC([C@H](CCSC)NC([C@H](CC=C)NC([C@@H](NC([C@H](C)N)=O)CCCNC(N)=N)=O)=O)=O)CCC(N)=O)=O)=O)=O)CCCNC(N)=N)=O)CCCCN)=O)CO)=O)[C@H](O)C)=O,new
5.045757491,NC([C@@]([H])(NC([C@@H](NC([C@@H](NC([C@@H](NC([C@H](C)NC([C@H](C/C=C\C[C@@H](C(N[C@@H](CCSC)C(N[C@H]1CCC(N)=O)=O)=O)NC([C@@H](NC([C@H](C)N)=O)CCCNC(N)=N)=O)NC1=O)=O)=O)CCCNC(N)=N)=O)CCCCN)=O)CO)=O)[C@H](O)C)=O,new
5.096910013,NC([C@@]([H])(NC([C@@H](NC([C@@H](NC([C@@H](NC([C@H](C)NC([C@H](CCCC=C)NC([C@@H](NC([C@H](CCSC)NC([C@H](CCCC=C)NC([C@@H](NC([C@H](C)N)=O)CCCNC(N)=N)=O)=O)=O)CCC(N)=O)=O)=O)=O)CCCNC(N)=N)=O)CCCCN)=O)CO)=O)[C@H](O)C)=O,new
4.823908741,NC([C@@]([H])(NC([C@@H](NC([C@@H](NC([C@@H](NC([C@H](C)NC([C@H](CCC/C=C\CCC[C@@H](C(N[C@@H](CCSC)C(N[C@H]1CCC(N)=O)=O)=O)NC([C@@H](NC([C@H](C)N)=O)CCCNC(N)=N)=O)NC1=O)=O)=O)CCCNC(N)=N)=O)CCCCN)=O)CO)=O)[C@H](O)C)=O,new
4.958607315,NC([C@@]([H])(NC([C@@H](NC([C@@H](NC([C@@H](NC([C@H](C)NC([C@H](CCC/C=C\CCC[C@H](C(N[C@@H](CCSC)C(N[C@H]1CCC(N)=O)=O)=O)NC([C@@H](NC([C@H](C)N)=O)CCCNC(N)=N)=O)NC1=O)=O)=O)CCCNC(N)=N)=O)CCCCN)=O)CO)=O)[C@H](O)C)=O,new
5.22184875,NC([C@@]([H])(NC([C@@H](NC([C@@H](NC([C@@H](NC([C@H](C)NC([C@@H](CCC/C=C\CCC[C@@H](C(N[C@@H](CCSC)C(N[C@H]1CCC(N)=O)=O)=O)NC([C@@H](NC([C@H](C)N)=O)CCCNC(N)=N)=O)NC1=O)=O)=O)CCCNC(N)=N)=O)CCCCN)=O)CO)=O)[C@H](O)C)=O,new
5.301029996,NC([C@@]([H])(NC([C@@H](NC([C@@H](NC([C@@H](NC([C@H](C)NC([C@@H](CCC/C=C\CCC[C@H](C(N[C@@H](CCSC)C(N[C@H]1CCC(N)=O)=O)=O)NC([C@@H](NC([C@H](C)N)=O)CCCNC(N)=N)=O)NC1=O)=O)=O)CCCNC(N)=N)=O)CCCCN)=O)CO)=O)[C@H](O)C)=O,new
4.207608311,NC([C@@]([H])(NC([C@@H](NC([C@@H](NC([C@@H](NC([C@H](C)NC([C@@H](NC([C@@H](NC([C@H](CCSC)NC([C@@H](NC([C@@H](NC([C@H](C)N)=O)CCCNC(N)=N)=O)CCCCN1)=O)=O)CCC(N)=O)=O)CCC1=O)=O)=O)CCCNC(N)=N)=O)CCCCN)=O)CO)=O)[C@H](O)C)=O,new
4.920818754,NC([C@@]([H])(NC([C@@H](NC([C@@H](NC([C@@H](NC([C@H](C)NC([C@@H](NC([C@@H](NC([C@H](CCSC)NC([C@@H](NC([C@@H](NC([C@H](C)N)=O)CCCNC(N)=N)=O)CC1)=O)=O)CCC(N)=O)=O)CCCCNC1=O)=O)=O)CCCNC(N)=N)=O)CCCCN)=O)CO)=O)[C@H](O)C)=O,new
4.853871964,NC([C@@]([H])(NC([C@@H](NC([C@@H](NC([C@@H](NC([C@H](C)NC([C@@H](NC([C@@H](NC([C@H](CCSC)NC([C@@H](NC([C@@H](NC([C@@H]1CCCN1)=O)CCCNC(N)=N)=O)CCCCN2)=O)=O)CCC(N)=O)=O)CCC2=O)=O)=O)CCCNC(N)=N)=O)CCCCN)=O)CO)=O)[C@H](O)C)=O,new
4.356547324,NC([C@@]([H])(NC([C@@H](NC([C@@H](NC([C@@H](NC([C@H](C)NC([C@@H](NC([C@@H](NC([C@H](CCSC)NC([C@@H](NC([C@@H](NC([C@@H]1CCCN1)=O)CCCNC(N)=N)=O)CC2)=O)=O)CCC(N)=O)=O)CCCCNC2=O)=O)=O)CCCNC(N)=N)=O)CCCCN)=O)CO)=O)[C@H](O)C)=O,new
5.27572413,NC([C@@]([H])(NC([C@@H](NC([C@@H](NC([C@@H](NC([C@H](C)NC([C@@H](NC([C@@H](NC([C@H](CCSC)NC([C@H](NC([C@@H](NC([C@H](C)N)=O)CCCNC(N)=N)=O)CCCCN1)=O)=O)CCC(N)=O)=O)CCC1=O)=O)=O)CCCNC(N)=N)=O)CCCCN)=O)CO)=O)[C@H](O)C)=O,new
4.886056648,NC([C@@H](C)NC([C@@H](NC([C@@H](C)NC([C@@H](NC([C@H](C)NC([C@@H](NC([C@@H](NC([C@H](C)NC([C@@H](NC([C@H](CCCNC(N)=O)NC([C@H](C)N)=O)=O)CC1)=O)=O)CCC(N)=O)=O)CCCCNC1=O)=O)=O)CCCNC(N)=N)=O)=O)CO)=O)=O,new
4.853871964,NC([C@@]([H])(NC([C@@H](NC([C@@H](NC([C@H](CCCNC(N)=O)NC([C@H](C)NC([C@@H](NC([C@@H](NC([C@H](CCSC)NC([C@@H](NC([C@@H](NC([C@H](C)N)=O)CCCNC(N)=N)=O)CC1)=O)=O)CCC(N)=O)=O)CCCCNC1=O)=O)=O)=O)CCCCN)=O)CO)=O)[C@H](O)C)=O,new
4.22184875,NC([C@@]([H])(NC([C@@H](NC([C@@H](NC([C@@H](NC([C@H](C)NC([C@H](CCCCN1C=C(N=N1)C[C@@H](C(N[C@@H](CCSC)C(N[C@H]2CCC(N)=O)=O)=O)NC([C@@H](NC([C@H](C)N)=O)CCCNC(N)=N)=O)NC2=O)=O)=O)CCCNC(N)=N)=O)CCCCN)=O)CO)=O)[C@H](O)C)=O,new
