,,,,Calculated pChEMBL,SMILES,
933,-26.357708,16.05753,new,6.958607315,OC1=CC=C(/C=C/C(O[C@@H](C(O)=O)CC2=CC=C(O)C(O)=C2)=O)C3=C1O[C@H](C4=CC(O)=C(O)C=C4)[C@H]3C(O[C@H](CC5=CC(O)=C(O)C=C5)C(O)=O)=O,2
935,-6.062587,3.2451425,new,4.799970733,CC1=C(C=CC(C(OC[C@@H]2C)=C2C3=O)=C4C3=O)C4=CC=C1,2
936,-5.8154073,2.698839,new,5.044793462,O=C(C1=C(C2=C3[C@@H](C)CO2)C=CC4=C1CCCC4(C)C)C3=O,2
937,-6.063802,3.2743533,new,4.783834098,CC1=C(C=CC(C(OC=C2C)=C2C3=O)=C4C3=O)C4=CC=C1,2
938,-5.805799,2.7106836,new,5.920818754,O=C(C1=C(C2=C3C(C)=CO2)C=CC4=C1CCCC4(C)C)C3=O,2
939,-1.0063889,2.8072128,new,6.853871964,COC(C(OC)=C1)=CC2=C1C3=CC4=CC=C(OCO5)C5=C4C=[N+]3CC2,2
940,-0.8555081,3.403046,new,6.327902142,OC1=CC2=C(C=C1OC)CC[N+]3=CC4=C(OC)C(OC)=CC=C4C=C32,2
941,-0.8609295,3.407598,new,5.809668302,OC(C(OC)=C1)=CC2=C1C3=CC4=CC=C(OC)C(OC)=C4C=[N+]3CC2,2
942,-0.9692871,3.1539154,new,5.156767222,COC1=C(C=[N+](CCC2=C3C=C4C(OCO4)=C2)C3=C5)C5=CC=C1OC,2
943,-0.8931718,3.2805324,new,4.912573543,COC1=C(C=[N+](CCC2=C3C=C(OC)C(OC)=C2)C3=C4)C4=CC=C1OC,2
944,4.5876174,56.2665,new,7.095014119,O=C(C1=CC(SC=C2)=C2N1C)NC3=C(N(CC4=CC=C(OC[C@H]5CNCC5)C=C4)CCC6)C6=CC=C3,2
945,4.632755,56.265465,new,6.828098109,O=C(C1=CC(SC=C2)=C2N1C)NC3=C(N(CC4=CC=C(OC[C@@H]5CNCC5)C=C4)CCC6)C6=CC=C3,2
946,4.869392,57.455574,new,7.329939783,O=C(C1=CC(SC=C2)=C2N1C)NC3=C(N(CC4=CC=C(OC5CCNC5)C=C4)CCC6)C6=CC=C3,2
947,3.3753643,57.63218,new,7.416347891,O=C(C1=CC(SC=C2)=C2N1C)NC3=C(N(CC4=CC=C(O[C@H]5CC[C@@H](N)CC5)C=C4)CCC6)C6=CC=C3,2
948,3.3753643,57.63218,new,7.436756299,O=C(C1=CC(SC=C2)=C2N1C)NC3=C(N(CC4=CC=C(O[C@H]5CC[C@H](N)CC5)C=C4)CCC6)C6=CC=C3,2
949,4.94022,57.580006,new,7.439256699,O=C(C1=CC(SC=C2)=C2N1C)NC3=C(N(CC4=CC=C(OC5CCNCC5)C=C4)CCC6)C6=CC=C3,2
950,4.266053,55.939194,new,7.423889106,O=C(C1=CC(SC=C2)=C2N1C)NC3=C(N(CC4=CC=C(OCC5CCNCC5)C=C4)CCC6)C6=CC=C3,2
951,3.4987504,56.626987,new,7.324588306,O=C(C1=CC(SC=C2)=C2N1C)NC3=C(N(CC4=CC=C(OCCCN)C=C4)CCC5)C5=CC=C3,2
952,3.288732,57.673515,new,7.4405722,O=C(C1=CC(SC=C2)=C2N1C)NC3=C(N(CC4=CC=C(O[C@H]5CC[C@H](N(C)C)CC5)C=C4)CCC6)C6=CC=C3,2
953,4.5280323,57.421127,new,7.417368561,O=C(C1=CC(SC=C2)=C2N1C)NC3=C(N(CC4=CC=C(OC5CCN(C)CC5)C=C4)CCC6)C6=CC=C3,2
954,4.2905626,57.510757,new,8.083546051,O=C(C1=CC(SC=C2)=C2N1C)NC3=C(N(CC4=CC=C(OC5CC[N+](C)(C)CC5)C=C4)CCC6)C6=CC=C3,2
955,3.966416,55.951683,new,7.271727402,O=C(C1=CC(SC=C2)=C2N1C)NC3=C(N(CC4=CC=C(OCC5CCN(C)CC5)C=C4)CCC6)C6=CC=C3,2
956,3.7018492,55.679688,new,7.762959209,O=C(C1=CC(SC=C2)=C2N1C)NC3=C(N(CC4=CC=C(OCC5CC[N+](C)(C)CC5)C=C4)CCC6)C6=CC=C3,2
957,3.365068,56.58904,new,7.505011026,O=C(C1=CC(SC=C2)=C2N1C)NC3=C(N(CC4=CC=C(OCCCN(C)C)C=C4)CCC5)C5=CC=C3,2
958,4.0424385,55.671345,new,6.135299105,O=C(C1=CC(SC=C2)=C2N1C)NC3=C(N(CC4=CC=C(OCC5CCOCC5)C=C4)CCC6)C6=CC=C3,2
959,6.3580523,61.0173,new,5.739928612,O=C(C1=CC=C(C(F)(F)F)C=C1)NC2=C(N(CC3=CC=C(OC4CCNCC4)C=C3)CCC5)C5=CC=C2,2
960,6.280432,61.18329,new,5.290730039,O=C(C1=C(F)C=C(C(F)(F)F)C=C1)NC2=C(N(CC3=CC=C(OC4CCNCC4)C=C3)CCC5)C5=CC=C2,2
961,6.9301853,60.80995,new,5.806875402,O=C(C1=C(C)C=CN=C1)NC2=C(N(CC3=CC=C(OC4CCNCC4)C=C3)CCC5)C5=CC=C2,2
962,7.834516,61.481728,new,4.725842151,O=C(C1=CC(C=CC=C2)=C2N=C1)NC3=C(N(CC4=CC=C(OC5CCNCC5)C=C4)CCC6)C6=CC=C3,2
963,8.231194,61.47386,new,4.883060353,O=C(C1=NC(C=CC=C2)=C2C=C1)NC3=C(N(CC4=CC=C(OC5CCNCC5)C=C4)CCC6)C6=CC=C3,2
964,7.3816113,60.437923,new,6.27572413,O=C(C1=CC2=CC=CC=C2O1)NC3=C(N(CC4=CC=C(OC5CCNCC5)C=C4)CCC6)C6=CC=C3,2
965,7.6793814,60.546432,new,6.031517051,O=C(C1=CC2=CC=CC=C2S1)NC3=C(N(CC4=CC=C(OC5CCNCC5)C=C4)CCC6)C6=CC=C3,2
966,7.9307556,59.619747,new,5.55129368,O=C(C1=CC2=CC=CC=C2N1)NC3=C(N(CC4=CC=C(OC5CCNCC5)C=C4)CCC6)C6=CC=C3,2
967,7.3521476,61.44918,new,6.036212173,O=C(C1=NC2=CC=CC=C2S1)NC3=C(N(CC4=CC=C(OC5CCNCC5)C=C4)CCC6)C6=CC=C3,2
968,7.201013,62.004684,new,5.63638802,O=C(C1=NC2=CC=CC=C2N1)NC3=C(N(CC4=CC=C(OC5CCNCC5)C=C4)CCC6)C6=CC=C3,2
969,8.652479,60.4804,new,6.013228266,O=C(C1=NN(C)C2=C1C=CC=C2)NC3=C(N(CC4=CC=C(OC5CCNCC5)C=C4)CCC6)C6=CC=C3,2
970,5.8751383,60.48429,new,6.26760624,O=C(C1=CC=CC2=C1C=CN2)NC3=C(N(CC4=CC=C(OC5CCNCC5)C=C4)CCC6)C6=CC=C3,2
971,5.768934,60.480164,new,5.339134522,O=C(C1=CC(C=CN2)=C2C=C1)NC3=C(N(CC4=CC=C(OC5CCNCC5)C=C4)CCC6)C6=CC=C3,2
972,6.1111255,59.834,new,5.406713933,O=C(C1=CC=CC2=C1C=CN2C)NC3=C(N(CC4=CC=C(OC5CCNCC5)C=C4)CCC6)C6=CC=C3,2
973,5.940019,59.743202,new,4.591081979,O=C(C1=CC(C=CN2C)=C2C=C1)NC3=C(N(CC4=CC=C(OC5CCNCC5)C=C4)CCC6)C6=CC=C3,2
974,6.1906457,59.407402,new,5.35261703,O=C(C1=CC=CC2=C1N(C)C=C2)NC3=C(N(CC4=CC=C(OC5CCNCC5)C=C4)CCC6)C6=CC=C3,2
975,6.8360476,59.659832,new,5.341988603,O=C(C1=CN(C)C2=C1C=CC=C2)NC3=C(N(CC4=CC=C(OC5CCNCC5)C=C4)CCC6)C6=CC=C3,2
976,7.62653,58.794018,new,7.301029996,O=C(C1=CC2=CC=CC=C2N1C)NC3=C(N(CC4=CC=C(OC5CCNCC5)C=C4)CCC6)C6=CC=C3,2
977,8.413208,58.70115,new,6.823908741,O=C(C1=CC2=CC=CC=C2N1CC)NC3=C(N(CC4=CC=C(OC5CCNCC5)C=C4)CCC6)C6=CC=C3,2
978,8.846129,58.26255,new,5.818156412,O=C(C1=CC2=CC=CC=C2N1CCC)NC3=C(N(CC4=CC=C(OC5CCNCC5)C=C4)CCC6)C6=CC=C3,2
979,6.878394,58.112087,new,4.787546039,O=C(C1=CC2=CC(Cl)=CC=C2N1C)NC3=C(N(CC4=CC=C(OC5CCNCC5)C=C4)CCC6)C6=CC=C3,2
980,6.8783946,58.112034,new,6.26760624,O=C(C1=CC2=CC(Cl)=CC=C2N1C)NC3=C(N(CC4=CC=C(OC5CCNCC5)C=C4)CCC6)C6=CC=C3,2
981,7.1988897,57.904385,new,5.946921557,O=C(C1=CC2=CC=C(Cl)C=C2N1C)NC3=C(N(CC4=CC=C(OC5CCNCC5)C=C4)CCC6)C6=CC=C3,2
982,7.9483986,58.92017,new,6.744727495,O=C(C1=CC2=CC=CC=C2N1C(C)C)NC3=C(N(CC4=CC=C(OC5CCNCC5)C=C4)CCC6)C6=CC=C3,2
983,8.039299,58.23703,new,5.576754126,O=C(C1=CC2=CC=CC=C2N1CC3CC3)NC4=C(N(CC5=CC=C(OC6CCNCC6)C=C5)CCC7)C7=CC=C4,2
984,8.248204,59.13606,new,6.408935393,O=C(C1=CC2=CC=CC=C2N1C(F)F)NC3=C(N(CC4=CC=C(OC5CCNCC5)C=C4)CCC6)C6=CC=C3,2
985,8.754921,58.83446,new,6.107905397,O=C(C1=CC2=CC=CC=C2N1CC(F)F)NC3=C(N(CC4=CC=C(OC5CCNCC5)C=C4)CCC6)C6=CC=C3,2
986,8.862144,58.895107,new,7.22184875,O=C(C1=CC2=CC=CC=C2N1CCF)NC3=C(N(CC4=CC=C(OC5CCNCC5)C=C4)CCC6)C6=CC=C3,2
987,8.579701,58.108223,new,6.823908741,O=C(C1=CC2=CC=CC=C2N1CCCl)NC3=C(N(CC4=CC=C(OC5CCNCC5)C=C4)CCC6)C6=CC=C3,2
988,18.792849,-29.0055,new,6,ClC1=C(C2=CC=C(C#N)C=C2)N=C(NC[C@]3([H])CNCC3)N=C1,2
989,18.439758,-31.013304,new,8.698970004,N#CC(C=C1)=CC=C1C2=C(C3=CC=C(C)C=C3)C=NC(C[C@]4([H])CNCC4)=N2,2
990,17.33143,-31.252806,new,8.853871964,N#CC(C=C1)=CC=C1C2=C(C3=CC=C(C)C=C3)C=NC(N4CC[C@@](NCC5)([H])[C@@]5([H])C4)=N2,2
991,17.230532,-31.279013,new,8.522878745,N#CC(C=C1)=CC=C1C2=C(C3=CC=C(C)C=C3)C=NC(N4CCC(N)CC4)=N2,2
992,14.6568,-31.140726,new,8.853871964,N#CC(C=C1)=CC=C1C2=C(C3=CC=C(C)C=C3)N(C)C(C(N4CCC(N)CC4)=N2)=O,2
993,14.604873,-31.121038,new,9.301029996,N#CC(C=C1)=C(F)C=C1C2=C(C3=CC=C(C)C=C3)N(C)C(C(N4CCC(N)CC4)=N2)=O,2
994,14.615572,-31.105116,new,7.958607315,N#CC(C=C1)=CC(F)=C1C2=C(C3=CC=C(C)C=C3)N(C)C(C(N4CCC(N)CC4)=N2)=O,2
995,15.377112,-32.81764,new,8.853871964,N#CC(C=C1)=CC=C1C2=C(C3=CC=C(C)C=C3)C(N(C)C(N4CCC(N)CC4)=N2)=O,2
996,15.315903,-33.082752,new,9.15490196,N#CC(C=C1)=CC=C1C2=C(C3=CC=C(OC)C=C3)C(N(C)C(N4CCC(N)CC4)=N2)=O,2
997,15.231905,-33.283325,new,9.096910013,N#CC(C=C1)=CC=C1C2=C(C3=CC(F)=C(OC)C=C3)C(N(C)C(N4CCC(N)CC4)=N2)=O,2
998,15.178677,-33.368237,new,9.522878745,N#CC(C=C1)=C(F)C=C1C2=C(C3=CC(F)=C(OC)C=C3)C(N(C)C(N4CCC(N)CC4)=N2)=O,2
999,1.028821,30.609545,new,4.590066877,CN1C(C(NC2=CC=CC=C2)=O)=CC3=C1C=CS3,2
1000,2.0403497,31.296793,new,4.517126416,CN1C(C2=NC(C3=CC=CC=C3)=CN2)=CC4=C1C=CS4,2
1001,2.1189983,32.02748,new,5.301029996,CN1C(C2=NC(CC)=CN2)=CC3=C1C=CS3,2
1002,1.9900833,31.994368,new,5.823908741,CN1C(C2=NC(CCC)=CN2)=CC3=C1C=CS3,2
1003,2.052249,31.736315,new,5.640164518,CN1C(C2=NC(C(C)C)=CN2)=CC3=C1C=CS3,2
1004,2.9105654,31.13939,new,5.645891561,CN1C(C2=NC(C3CC3)=CN2)=CC4=C1C=CS4,2
1005,2.9540238,31.111448,new,5.991399828,CN1C(C2=NC(C3CCC3)=CN2)=CC4=C1C=CS4,2
1006,3.7471745,36.509144,new,9.769551079,CN1C(C2=NC(CC)=CN2CCCC3=CC=C(OC4CCCNCC4)C=C3)=CC5=C1C=CS5,2
1007,3.7962592,36.574806,new,9.568636236,CN1C(C2=NC(CC)=CN2CCCC3=CC=C(OC4CCNCC4)C=C3)=CC5=C1C=CS5,2
1008,5.0509405,38.450764,new,9.552841969,CN1C(C2=NC(CC)=CN2CCCC3=CC=C(OCC4CNCC4)C=C3)=CC5=C1C=CS5,2
1009,5.1642995,38.45014,new,9.468521083,CN1C(C2=NC(CC)=CN2CCCC3=CC=C(OCC4CCNCC4)C=C3)=CC5=C1C=CS5,2
1010,2.602423,34.754868,new,9.468521083,CN1C(C2=NC(CC)=CN2CCOC3=CC=C(OC4CCCNCC4)C=C3)=CC5=C1C=CS5,2
1011,2.5956788,34.693077,new,9.22184875,CN1C(C2=NC(CC)=CN2CCOC3=CC=C(OC4CCNCC4)C=C3)=CC5=C1C=CS5,2
1012,2.7737608,37.04361,new,9.795880017,CN1C(C2=NC(C3CCC3)=CN2CCCC4=CC=C(OC5CCCNCC5)C=C4)=CC6=C1C=CS6,2
1013,2.806542,37.09297,new,10,CN1C(C2=NC(C3CCC3)=CN2CCCC4=CC=C(OC5CCNCC5)C=C4)=CC6=C1C=CS6,2
1014,4.487191,39.317898,new,9.420216403,CN1C(C2=NC(C3CCC3)=CN2CCCC4=CC=C(OCC5CNCC5)C=C4)=CC6=C1C=CS6,2
1015,4.5112505,39.30562,new,9.602059991,CN1C(C2=NC(C3CCC3)=CN2CCCC4=CC=C(OCC5CCNCC5)C=C4)=CC6=C1C=CS6,2
1016,1.5835502,35.52358,new,9.677780705,CN1C(C2=NC(C3CCC3)=CN2CCOC4=CC=C(OC5CCCNCC5)C=C4)=CC6=C1C=CS6,2
1017,1.5759819,35.509754,new,9.721246399,CN1C(C2=NC(C3CCC3)=CN2CCOC4=CC=C(OC5CCNCC5)C=C4)=CC6=C1C=CS6,2
1018,3.864763,36.834,new,9.886056648,CN1C(C2=NC(CCC)=CN2CCCC3=CC=C(OC4CCCNCC4)C=C3)=CC5=C1C=CS5,2
1019,3.9310288,36.92621,new,9.744727495,CN1C(C2=NC(CCC)=CN2CCCC3=CC=C(OC4CCNCC4)C=C3)=CC5=C1C=CS5,2
1020,4.9586763,38.363045,new,9.522878745,CN1C(C2=NC(CCC)=CN2CCCC3=CC=C(OCC4CNCC4)C=C3)=CC5=C1C=CS5,2
1021,5.069543,38.392483,new,9.853871964,CN1C(C2=NC(CCC)=CN2CCCC3=CC=C(OCC4CCNCC4)C=C3)=CC5=C1C=CS5,2
1022,2.8025467,35.19519,new,9.886056648,CN1C(C2=NC(CCC)=CN2CCOC3=CC=C(OC4CCCNCC4)C=C3)=CC5=C1C=CS5,2
1023,2.7977848,35.164013,new,9.698970004,CN1C(C2=NC(CCC)=CN2CCOC3=CC=C(OC4CCNCC4)C=C3)=CC5=C1C=CS5,2
1024,2.4955208,33.415802,new,5.732828272,CN1C(C2=NC(CC)=CN2CCOC3=CC=CC=C3)=CC4=C1C=CS4,2
1025,2.3769605,32.57801,new,4.705754284,CN1C(C2=NC(CC)=CN2C)=CC3=C1C=CS3,2
1026,4.8614798,35.83598,new,8.950781977,CN1C(C2=NC=C(CC)N2CCCC3=CC=C(OC4CCCNCC4)C=C3)=CC5=C1C=CS5,2
1027,4.9089813,35.91332,new,8.896196279,CN1C(C2=NC=C(CC)N2CCCC3=CC=C(OC4CCNCC4)C=C3)=CC5=C1C=CS5,2
1028,5.9465365,37.483757,new,8.468521083,CN1C(C2=NC=C(CC)N2CCCC3=CC=C(OCC4CCNCC4)C=C3)=CC5=C1C=CS5,2
1029,3.9735663,34.350124,new,8.619788758,CN1C(C2=NC=C(CC)N2CCOC3=CC=C(OC4CCCNCC4)C=C3)=CC5=C1C=CS5,2
1030,3.9714265,34.283493,new,8.559090918,CN1C(C2=NC=C(CC)N2CCOC3=CC=C(OC4CCNCC4)C=C3)=CC5=C1C=CS5,2
1031,2.5052886,37.915466,new,8.906578315,CN1C(C2=NC=C(C3CCC3)N2CCCC4=CC=C(OC5CCCNCC5)C=C4)=CC6=C1C=CS6,2
1032,2.5636902,37.97003,new,9.13667714,CN1C(C2=NC=C(C3CCC3)N2CCCC4=CC=C(OC5CCNCC5)C=C4)=CC6=C1C=CS6,2
1033,3.5924127,39.051773,new,8.525783736,CN1C(C2=NC=C(C3CCC3)N2CCCC4=CC=C(OCC5CNCC5)C=C4)=CC6=C1C=CS6,2
1034,3.596534,39.030586,new,8.640164518,CN1C(C2=NC=C(C3CCC3)N2CCCC4=CC=C(OCC5CCNCC5)C=C4)=CC6=C1C=CS6,2
1035,1.4081175,36.50251,new,8.886056648,CN1C(C2=NC=C(C3CCC3)N2CCOC4=CC=C(OC5CCCNCC5)C=C4)=CC6=C1C=CS6,2
1036,1.4039191,36.505146,new,8.769551079,CN1C(C2=NC=C(C3CCC3)N2CCOC4=CC=C(OC5CCNCC5)C=C4)=CC6=C1C=CS6,2
1037,5.1771684,35.88881,new,9.055517328,CN1C(C2=NC=C(CCC)N2CCCC3=CC=C(OC4CCCNCC4)C=C3)=CC5=C1C=CS5,2
1038,5.2265725,36.001152,new,9.236572006,CN1C(C2=NC=C(CCC)N2CCCC3=CC=C(OC4CCNCC4)C=C3)=CC5=C1C=CS5,2
1039,6.0111456,37.45536,new,8.186419011,CN1C(C2=NC=C(CCC)N2CCCC3=CC=C(OCC4CNCC4)C=C3)=CC5=C1C=CS5,2
1040,6.012383,37.444798,new,7.741841807,CN1C(C2=NC=C(CCC)N2CCCC3=CC=C(OCC4CCNCC4)C=C3)=CC5=C1C=CS5,2
1041,4.315437,34.599236,new,8.375717904,CN1C(C2=NC=C(CCC)N2CCOC3=CC=C(OC4CCCNCC4)C=C3)=CC5=C1C=CS5,2
1042,4.323464,34.56307,new,8.443697499,CN1C(C2=NC=C(CCC)N2CCOC3=CC=C(OC4CCNCC4)C=C3)=CC5=C1C=CS5,2
1043,3.6015365,33.208454,new,4.656591406,CN1C(C2=NC=C(CC)N2CCOC3=CC=CC=C3)=CC4=C1C=CS4,2
1044,3.0951886,32.469517,new,4.037914919,CN1C(C2=NC=C(CC)N2C)=CC3=C1C=CS3,2
1063,-34.66519,-13.333563,new,6.721246399,O=C(NC(CC1=CNC2=C1C=CC=C2)C(NC3=CC=C(C4CC4N)C=C3)=O)OCC5=CC=CC=C5,2
1064,-35.5691,-13.714026,new,7.080921908,O=C(NC(CC1=CSC2=C1C=CC=C2)C(NC3=CC=C(C4CC4N)C=C3)=O)OCC5=CC=CC=C5,2
1069,-36.56215,-6.91173,new,7.124938737,O=C(NC1=CC=C(C2CC2N)C=C1)C3=CC=C(NC(OCC4=CC=CC=C4)=O)C(N5CCOCC5)=C3,2
1070,-36.194435,-6.2655215,new,7.050609993,O=C(NC1=CC=C(C2CC2N)C=C1)C3=CC=C(NC(OCC4=CC=CC=C4)=O)C(N5CCN(C)CC5)=C3,2
1072,-35.858997,-6.710749,new,6.512861625,O=C(NC1=CC=C(C2CC2N)C=C1)C3=CC=C(N4CCCCC4)C(NC(OCC5=CC=CC=C5)=O)=C3,2
1073,-36.33632,-6.94504,new,7.214670165,O=C(NC1=CC=C(C2CC2N)C=C1)C3=CC=C(N4CCOCC4)C(NC(OCC5=CC=CC=C5)=O)=C3,2
1074,-35.99825,-6.365101,new,7.050609993,O=C(NC1=CC=C(C2CC2N)C=C1)C3=CC=C(N4CCN(C)CC4)C(NC(OCC5=CC=CC=C5)=O)=C3,2
1086,-22.280542,-6.359487,new,6.22184875,O=C(NCCC1=CC=CS1)C2=CC=C([C@H]3[C@H](N)C3)C=C2,2
1095,-18.826244,-4.8931527,new,6.301029996,O=C(N1CCN(C2=C(F)C=CC=C2)CC1)C3=CC=C([C@H]4[C@H](N)C4)C=C3,2
1096,-18.840958,-4.8782682,new,5.744727495,O=C(N1CCN(C2=C(C#N)C=CC=C2)CC1)C3=CC=C([C@H]4[C@H](N)C4)C=C3,2
1097,-18.562452,-5.469917,new,5.823908741,O=C(N1CCN(C2=CC=CC=N2)CC1)C3=CC=C([C@H]4[C@H](N)C4)C=C3,2
1098,-18.581337,-5.4991207,new,5.744727495,O=C(N1CCN(C2=NC=CC=N2)CC1)C3=CC=C([C@H]4[C@H](N)C4)C=C3,2
1099,-19.047192,-6.1968007,new,6.301029996,O=C(N1CCN(S(C2=CC=C(C)C=C2)(=O)=O)CC1)C3=CC=C([C@H]4[C@H](N)C4)C=C3,2
1100,-18.940008,-5.9145494,new,6.045757491,O=C(N1CCN(S(C)(=O)=O)CC1)C2=CC=C([C@H]3[C@H](N)C3)C=C2,2
1106,-3.9912522,-7.643766,new,6.075049111,O=S(C1=CC=C([C@@H]2[C@@H](N)C2)C=C1)(NC3=NC=CC=C3)=O,2
1107,-4.3611784,-5.5489516,new,6.700274846,O=S(C1=CC=C([C@@H]2[C@@H](N)C2)C=C1)(N3CCOCC3)=O,2
1108,-4.329788,-5.604847,new,6.623058243,O=S(C1=CC=C([C@@H]2[C@@H](N)C2)C=C1)(N3CCCC3)=O,2
1118,-17.950422,4.5872946,new,8.142667504,C1(/C=C/C2C(NCC3CCNCC3)C2)=CC=CC=C1,2
1119,-20.045029,4.5962095,new,8.37675071,C/C([C@H]1[C@H](NCC2CCNCC2)C1)=C\C3=CC=CC=C3,2
1123,-20.369585,4.76609,new,8.055517328,C/C([C@H]1[C@H](NCC2=CN=CN2)C1)=C\C3=CC=CC=C3,2
1125,-21.58556,5.1186757,new,7.698970004,C/C([C@H]1[C@H](NC2CC(NCC2)=O)C1)=C\C3=CC=CC=C3,2
1133,1.809354,9.078473,new,4.813608784,O=C1C2=C(N(CCNC(NC3=C(Cl)C=CC=C3)=S)N=N2)N=C(SCCC)N1,2
1134,1.7995585,9.082333,new,4.723308471,O=C1C2=C(N(CCNC(NCC3=CC=CC=C3)=S)N=N2)N=C(SCCC)N1,2
1135,1.8183335,9.089611,new,4.770830297,O=C1C2=C(N(CCNC(NC3=CC=C(OC)C=C3)=S)N=N2)N=C(SCCC)N1,2
1136,1.7989786,9.083932,new,5.010995384,O=C1C2=C(N(CCNC(NC3=CC=CC4=CC=CC=C34)=S)N=N2)N=C(SCCC)N1,2
1137,37.2962,10.164119,new,6.390405591,ClC1=CC=CC=C1CN2N=NC(CSC3=NC(NC4=CC(C(F)(F)F)=CC=C4)=C(C#N)C(C5=CC=CC=C5)=N3)=C2,2
1138,37.303257,9.89717,new,6.202040356,ClC1=CC=CC=C1CN2N=NC(CSC3=NC(NC4=CC=C(Cl)C=C4)=C(C#N)C(C5=CC=CC=C5)=N3)=C2,2
1139,37.2924,9.924085,new,5.199970641,ClC1=CC=CC=C1CN2N=NC(CSC3=NC(NC4=CC(Cl)=CC=C4)=C(C#N)C(C5=CC=CC=C5)=N3)=C2,2
1140,37.260654,9.960895,new,5.491201035,ClC1=CC=CC=C1CN2N=NC(CSC3=NC(NC4=CC=C(F)C=C4)=C(C#N)C(C5=CC=CC=C5)=N3)=C2,2
1141,38.23325,9.780555,new,5.427128398,CC(C=C1)=CC=C1CN2N=NC(CSC3=NC(NC4=C(Cl)C=CC=C4)=C(C#N)C(C5=CC=CC=C5)=N3)=C2,2
1142,38.254498,9.873647,new,4.393532644,CC(C=C1)=CC=C1CN2N=NC(CSC3=NC(NC4=CC=C(C)C=C4)=C(C#N)C(C5=CC=CC=C5)=N3)=C2,2
1143,37.374092,9.8099985,new,5.84375381,ClC1=CC=CC=C1CN2N=NC(CSC3=NC(NC4=CC=C(OC)C=C4)=C(C#N)C(C5=CC=CC=C5)=N3)=C2,2
1144,40.149174,11.443234,new,5.725842151,CC(C=C1)=CC=C1NC2=C(C#N)C(C3=CC=CC=C3)=NC(SCC4=CN(CC(NC(NC5=NC=CC=C5)=O)=O)N=N4)=N2,2
1145,40.357655,11.451468,new,5.843148099,CC(C=C1)=CC=C1NC2=C(C#N)C(C3=CC=C(C)C=C3)=NC(SCC4=CN(CC(NC(NC5=NC=CC=C5)=O)=O)N=N4)=N2,2
1146,40.50938,11.369353,new,6.274905479,CC(C=C1)=CC=C1NC2=C(C#N)C(C3=CC=C(Cl)C=C3)=NC(SCC4=CN(CC(NC(NC5=NC=CC=C5)=O)=O)N=N4)=N2,2
1147,39.74187,11.720665,new,5.417709317,CC(C=C1)=CC=C1NC2=C(C#N)C(C3=CC=C(Br)C=C3)=NC(SCC4=CN(CC(NC(NC5=NC=CC=C5)=O)=O)N=N4)=N2,2
1148,41.442307,10.934364,new,5.898940645,CC(C=C1)=CC=C1NC2=C(C#N)C(C3=CC(OC)=C(OC)C(OC)=C3)=NC(SCC4=CN(CC(NC(NC5=NC=CC=C5)=O)=O)N=N4)=N2,2
1149,40.39813,12.044407,new,6.415668776,CC(C=C1)=CC=C1NC2=C(C#N)C(C3=CC=C(C(C)C)C=C3)=NC(SCC4=CN(CC(NC(NC5=NC=CC=C5)=O)=O)N=N4)=N2,2
1150,40.73791,12.882939,new,5.417709317,O=C(NC(NC1=NC=CC=C1)=O)CN(N=N2)C=C2CSC3=NC(NC4=C(C)C=CC=C4)=C(C#N)C(C5=CC=C(C(C)C)C=C5)=N3,2
1151,41.262054,12.832581,new,5.297483303,O=C(NC(NC1=NC=CC=C1)=O)CN(N=N2)C=C2CSC3=NC(NC4=C(O)C=CC=C4)=C(C#N)C(C5=CC=C(C(C)C)C=C5)=N3,2
1152,40.395092,12.622017,new,5.250263684,O=C(NC(NC1=NC=CC=C1)=O)CN(N=N2)C=C2CSC3=NC(NC4=CC=C(F)C=C4)=C(C#N)C(C5=CC=C(C(C)C)C=C5)=N3,2
1153,41.225437,12.145749,new,6.21395879,O=C(NC(NC1=NC=CC=C1)=O)CN(N=N2)C=C2CSC3=NC(NC4=CC=C(OC)C=C4)=C(C#N)C(C5=CC=C(C(C)C)C=C5)=N3,2
1154,41.210968,11.557967,new,6.542118103,O=C(NC(NC1=NC=CC=C1)=O)CN(N=N2)C=C2CSC3=NC(NC4=CC=C(OC)C=C4)=C(C#N)C(C5=CC=C(C)C=C5)=N3,2
1155,41.80424,11.976827,new,5.814457845,O=C(NC(NC1=NC=CC=C1)=O)CN(N=N2)C=C2CSC3=NC(NC4=C(OC)C=CC=C4)=C(C#N)C(C5=CC=C(C)C=C5)=N3,2
1156,40.630974,10.949943,new,6.634512015,O=C(NC(NC1=NC=CC=C1)=O)CN(N=N2)C=C2CSC3=NC(NC4=CC(Cl)=CC=C4)=C(C#N)C(C5=CC=C(C)C=C5)=N3,2
1157,40.25837,10.755526,new,6.73754891,O=C(NC(NC1=NC=CC=C1)=O)CN(N=N2)C=C2CSC3=NC(NC4=CC(C(F)(F)F)=CC=C4)=C(C#N)C(C5=CC=C(C)C=C5)=N3,2
1158,41.467564,10.368204,new,6.412289035,O=C(NC(NC1=NC=CC=C1)=O)CN(N=N2)C=C2CSC3=NC(NC4=CC(C(F)(F)F)=CC=C4)=C(C#N)C(C5=CC(OC)=C(OC)C(OC)=C5)=N3,2
1159,41.92033,10.874677,new,6.015472687,O=C(NC(NC1=NC=CC=C1)=O)CN(N=N2)C=C2CSC3=NC(NC4=CC=C(Cl)C=C4)=C(C#N)C(C5=CC(OC)=C(OC)C(OC)=C5)=N3,2
1160,41.94662,10.729257,new,6.197226275,O=C(NC(NC1=NC=CC=C1)=O)CN(N=N2)C=C2CSC3=NC(NC4=CC(Cl)=CC=C4)=C(C#N)C(C5=CC(OC)=C(OC)C(OC)=C5)=N3,2
1161,40.73388,12.198014,new,5.90868484,O=C(NC(NC1=NC=CC=C1)=O)CN(N=N2)C=C2CSC3=NC(NC4=CC=C(C(C)C)C=C4)=C(C#N)C(C5=CC=C(Cl)C=C5)=N3,2
1162,39.92238,12.467881,new,5.869344651,O=C(NC(NC1=NC=CC=C1)=O)CN(N=N2)C=C2CSC3=NC(NC4=CC=C(C(C)C)C=C4)=C(C#N)C(C5=CC=C(Br)C=C5)=N3,2
1163,-14.160492,13.4945,new,4.822175028,O=S(C1C[C@@H]2C(C3=CC=C(O)C=C3)=C(C4=CC=C(O)C=C4)[C@H]1O2)(OC5=CC(C=CC=C6)=C6C=C5)=O,2
1164,-13.706002,13.644994,new,4.863913903,O=S(C1C[C@@H]2C(C3=CC=C(O)C=C3)=C(C4=CC=C(O)C=C4)[C@H]1O2)(OC5=CC(OC(C=C6C)=O)=C6C=C5)=O,2
1165,-14.415036,12.694646,new,5.809668302,O=S(C1C[C@@H]2C(C3=CC=C(O)C=C3)=C(C4=CC=C(O)C=C4)[C@H]1O2)(OC5=NC(F)=CC=C5)=O,2
1166,-14.500391,12.755657,new,5.389339837,O=S(C1C[C@@H]2C(C3=CC=C(O)C=C3)=C(C4=CC=C(O)C=C4)[C@H]1O2)(OC5=NC(Cl)=CC=C5)=O,2
1167,-14.377027,12.68114,new,5.227678293,O=S(C1C[C@@H]2C(C3=CC=C(O)C=C3)=C(C4=CC=C(O)C=C4)[C@H]1O2)(OC5=NC(Br)=CC=C5)=O,2
1168,-14.676843,13.707047,new,5.14691047,O=S(C1C[C@@H]2C(C3=CC=C(O)C=C3)=C(C4=CC=C(O)C=C4)[C@H]1O2)(OC5=C(Cl)N=CC=C5)=O,2
1169,-14.396451,13.543585,new,4.91150953,O=S(C1C[C@@H]2C(C3=CC=C(O)C=C3)=C(C4=CC=C(O)C=C4)[C@H]1O2)(OC5=C(Br)N=CC=C5)=O,2
1170,-14.41774,13.366787,new,4.738261453,O=S(C1C[C@@H]2C(C3=CC=C(O)C=C3)=C(C4=CC=C(O)C=C4)[C@H]1O2)(OC5=CN=CC(F)=C5)=O,2
1171,-16.106573,12.242548,new,4.523023534,O=S(C1C[C@@H]2C(C3=CC=C(O)C=C3)=C(C4=CC=C(O)C=C4)[C@H]1O2)(NC5=C(C(OC)=O)C=CC=C5)=O,2
1172,-16.10881,12.247438,new,4.880744111,O=S(C1C[C@@H]2C(C3=CC=C(O)C=C3)=C(C4=CC=C(O)C=C4)[C@H]1O2)(NC5=CC=C(C(OC)=O)C=C5)=O,2
1173,-15.192981,14.359767,new,4.760200182,OC(C=C1)=CC=C1C2=C(C3=CC=C(O)C=C3)[C@@H]4C(C(OC5=C(Cl)N=CC=C5)=O)C[C@H]2O4,2
1174,-37.026318,15.53233,new,7.162411562,OC1=C2C(OC(C(N/N=C/C3=CC=CC=C3O)=O)=C2C)=CC=C1,2
1175,-36.95849,16.091572,new,7.55129368,OC1=C2C(OC(C(N/N=C/C3=CC=CC(O)=C3O)=O)=C2C)=CC=C1,2
1176,-37.115746,15.575314,new,7.850780887,OC1=C2C(OC(C(N/N=C/C3=CC=C(O)C=C3O)=O)=C2C)=CC=C1,2
1177,-36.475296,15.52438,new,7.259637311,OC1=C2C(OC(C(N/N=C/C3=CC(O)=CC=C3O)=O)=C2C)=CC=C1,2
1178,-37.014942,16.320734,new,8.142667504,OC1=C2C(OC(C(N/N=C/C3=CC=C(O)C(O)=C3O)=O)=C2C)=CC=C1,2
1179,-37.583546,15.881228,new,7.49757288,OC1=C2C(OC(C(N/N=C/C3=CC=CC(F)=C3O)=O)=C2C)=CC=C1,2
1180,-37.589737,16.098358,new,7.235973392,OC1=C2C(OC(C(N/N=C/C3=CC(F)=CC=C3O)=O)=C2C)=CC=C1,2
1181,-37.846313,15.4842415,new,7.830325566,OC1=C2C(OC(C(N/N=C/C3=C(F)C=CC=C3O)=O)=C2C)=CC=C1,2
1182,-36.724747,14.856341,new,7.504455662,OC1=C2C(OC(C(N/N=C/C3=CC(Cl)=CC=C3O)=O)=C2C)=CC=C1,2
1183,-37.394375,14.801159,new,7.586700236,OC1=C2C(OC(C(N/N=C/C3=C(Cl)C=CC=C3O)=O)=C2C)=CC=C1,2
1184,-36.544395,14.815184,new,7.226945307,OC1=C2C(OC(C(N/N=C/C3=CC(Cl)=CC(Cl)=C3O)=O)=C2C)=CC=C1,2
1185,-36.179768,16.020065,new,7.283162277,OC1=C2C(OC(C(N/N=C/C3=CC=CC(Br)=C3O)=O)=C2C)=CC=C1,2
1186,-36.511726,16.297527,new,7.568636236,OC1=C2C(OC(C(N/N=C/C3=CC=C(Br)C=C3O)=O)=C2C)=CC=C1,2
1187,-36.581844,15.529867,new,7.625251654,OC1=C2C(OC(C(N/N=C/C3=CC(C)=CC=C3O)=O)=C2C)=CC=C1,2
1188,31.303497,35.899162,new,5.958607315,N[C@@H](C)C(N[C@H](C(N[C@]([H])(C(N[C@@H](CCSC)C(N[C@H](C(N[C@]([H])(C(N[C@@H](C)C(N[C@H](C(N[C@H](C(N[C@H](C(N[C@]([H])(C(NCC(NCC(N[C@H](C(N[C@@H](C)C(N1CCC[C@H]1C(N[C@H](C(N[C@H](C(N[C@H](C(N[C@H](C(N[C@@H](C)C(O)=O)=O)CC(C)C)=O)CCC(N)=O)=O)CCCCN)=O)CCCNC(N)=N)=O)=O)=O)CCCCN)=O)=O)=O)[C@H](O)C)=O)CO)=O)CCCCN)=O)CCCNC(N)=N)=O)=O)[C@H](O)C)=O)CCC(N)=O)=O)=O)[C@H](O)C)=O)CCCNC(N)=N)=O,2
1189,28.639198,38.41889,new,4.903089987,NC([C@@]([H])(NC([C@@H](NC([C@@H](NC([C@@H](NC([C@H](C)NC([C@@]([H])(NC([C@@H](NC([C@H](CCSC)NC([C@@]([H])(NC([C@@H](NC([C@@H]1CCCN1)=O)CCCNC(N)=N)=O)[C@H](O)C)=O)=O)CCC(N)=O)=O)[C@H](O)C)=O)=O)CCCNC(N)=N)=O)CCCCN)=O)CO)=O)[C@H](O)C)=O,2
